Steel,C,Si,Mn,Cr,Mo,Ni,Al,Cu,ppmB,Pa,Rc,lnRc,Texp
GA01,0.13,0.27,0.22,0.08,0,0.06,0,0.22,0,1132.36,60,4.094344562,770
GA01,0.13,0.27,0.22,0.08,0,0.06,0,0.22,0,1132.36,8.5,2.140066163,805
GA01,0.13,0.27,0.22,0.08,0,0.06,0,0.22,0,1132.36,0.65,-0.430782916,825
GA01,0.13,0.27,0.21,0.08,0,0.06,0,0.22,0,1132.36,0.05,-2.995732274,840
GA01,0.13,0.27,0.21,0.08,0,0.06,0,0.22,0,1132.36,0.004,-5.521460918,855
GA02,0.19,0.5,1.29,0.09,0,0.07,0,0.25,0,1114.33,87.5,4.471638793,675
GA02,0.19,0.5,1.29,0.09,0,0.07,0,0.25,0,1114.33,12.5,2.525728644,725
GA02,0.19,0.5,1.29,0.09,0,0.07,0,0.25,0,1114.33,0.9,-0.105360516,760
GA02,0.19,0.5,1.29,0.09,0,0.07,0,0.25,0,1114.33,0.06,-2.813410717,790
GA03,0.2,0.64,1.27,0.12,0,0,0,0.21,0,1114.33,75,4.317488114,700
GA03,0.2,0.64,1.27,0.12,0,0,0,0.21,0,1114.33,10,2.302585093,750
GA03,0.2,0.64,1.27,0.12,0,0,0,0.21,0,1114.33,0.8,-0.223143551,770
GA03,0.2,0.64,1.27,0.12,0,0,0,0.21,0,1114.33,0.07,-2.659260037,780
GA04,0.23,0.57,1.53,0.06,0,0,0,0,0,1114.33,18.1,2.895911938,700
GA04,0.23,0.57,1.53,0.06,0,0,0,0,0,1114.33,1.05,0.048790164,740
GA04,0.23,0.57,1.53,0.06,0,0,0,0,0,1114.33,0.085,-2.465104022,760
GA05,0.23,0.51,1.88,0.03,0,0,0,0,0,1114.33,21.3,3.058707073,665
GA05,0.23,0.51,1.88,0.03,0,0,0,0,0,1114.33,1.15,0.139761942,720
GA05,0.23,0.51,1.88,0.03,0,0,0,0,0,1114.33,0.105,-2.253794929,730
GA05,0.23,0.51,1.88,0.03,0,0,0,0,0,1114.33,0.01,-4.605170186,740
GA06,0.42,0.4,2.28,0,0,0,0,0,0,1085.28,4.25,1.446918983,600
GA06,0.42,0.4,2.28,0,0,0,0,0,0,1085.28,1.35,0.300104592,635
GA06,0.42,0.4,2.28,0,0,0,0,0,0,1085.28,0.1,-2.302585093,670
GA06,0.42,0.4,2.28,0,0,0,0,0,0,1085.28,0.008,-4.828313737,690
GA07,0.44,0.31,0.59,0.18,0,0,0,0,0,1085.29,60,4.094344562,650
GA07,0.44,0.31,0.59,0.18,0,0,0,0,0,1085.29,8,2.079441542,690
GA07,0.44,0.31,0.59,0.18,0,0,0,0,0,1085.29,0.6,-0.510825624,710
GA07,0.44,0.31,0.59,0.18,0,0,0,0,0,1085.29,0.045,-3.101092789,725
GA07,0.44,0.31,0.59,0.18,0,0,0,0,0,1085.29,0.002,-6.214608098,750
Ga07,0.44,0.31,0.6,0.18,0,0,0,0,0,1234.61,35,3.555348061,630
Ga07,0.44,0.31,0.6,0.18,0,0,0,0,0,1234.61,10,2.302585093,670
Ga07,0.44,0.31,0.6,0.18,0,0,0,0,0,1234.61,0.6,-0.510825624,710
Ga07,0.44,0.31,0.6,0.18,0,0,0,0,0,1234.61,0.045,-3.101092789,725
Ga07,0.44,0.31,0.6,0.18,0,0,0,0,0,1234.61,0.002,-6.214608098,750
GA08,0.48,0.42,2.54,0,0,0,0,0,0,1076.1,4.88,1.58514522,575
GA08,0.48,0.42,2.54,0,0,0,0,0,0,1076.1,0.175,-1.742969305,630
GA08,0.48,0.42,2.54,0,0,0,0,0,0,1076.1,0.012,-4.422848629,650
GA09,0.35,0.3,0.68,1.3,0.08,0.25,0,0.23,0,1078.9,1.25,0.223143551,720
GA09,0.35,0.3,0.67,1.3,0.08,0.25,0,0.23,0,1078.9,0.05,-2.995732274,745
GA09,0.35,0.3,0.67,1.3,0.08,0.25,0,0.23,0,1078.9,0.005,-5.298317367,750
Ga09,0.35,0.3,0.7,1.3,0.08,0.25,0,0.23,0,1262.22,0.425,-0.85566611,710
Ga09,0.35,0.3,0.7,1.3,0.08,0.25,0,0.23,0,1262.22,0.06,-2.813410717,735
Ga09,0.35,0.3,0.7,1.3,0.08,0.25,0,0.23,0,1262.22,0.005,-5.298317367,745
GA10,0.44,0.3,0.83,1.24,0.07,0.28,0,0.22,0,1069.67,1,0,690
GA10,0.44,0.3,0.83,1.24,0.07,0.28,0,0.22,0,1069.67,0.06,-2.813410717,730
GA10,0.44,0.3,0.83,1.24,0.07,0.28,0,0.22,0,1069.67,0.004,-5.521460918,750
Ga10,0.44,0.3,0.85,1.24,0.06,0.28,0,0.22,0,1262.22,0.5,-0.693147181,690
Ga10,0.44,0.3,0.85,1.24,0.06,0.28,0,0.22,0,1262.22,0.06,-2.813410717,730
Ga10,0.44,0.3,0.85,1.24,0.06,0.28,0,0.22,0,1262.22,0.005,-5.298317367,740
GA11,0.18,0.28,0.49,0.88,0.47,0.16,0,0.2,0,1148.65,5.25,1.658228077,740
GA11,0.18,0.28,0.49,0.88,0.47,0.16,0,0.2,0,1148.65,0.6,-0.510825624,785
GA11,0.18,0.28,0.49,0.88,0.47,0.16,0,0.2,0,1148.65,0.035,-3.352407217,810
GA11,0.18,0.27,0.49,0.88,0.47,0.16,0,0.2,0,1148.65,0.003,-5.80914299,815
GA12,0.22,0.29,0.62,1.09,0.29,0.37,0,0.19,0,1106.87,6.5,1.871802177,700
GA12,0.22,0.29,0.62,1.09,0.29,0.37,0,0.19,0,1106.87,0.85,-0.162518929,745
GA12,0.22,0.29,0.61,1.09,0.29,0.37,0,0.19,0,1106.87,0.065,-2.733368009,765
GA12,0.22,0.29,0.61,1.09,0.29,0.37,0,0.19,0,1106.87,0.006,-5.11599581,770
Ga12,0.22,0.29,0.65,1.09,0.29,0.37,0,0.19,0,1268.68,1.3,0.262364264,700
Ga12,0.22,0.29,0.64,1.09,0.29,0.37,0,0.19,0,1268.68,0.08,-2.525728644,750
Ga12,0.22,0.29,0.64,1.09,0.29,0.37,0,0.19,0,1268.68,0.008,-4.828313737,755
GA13,0.23,0.55,0.69,1.09,0.51,0,0,0,0,1167.82,4.75,1.558144618,750
GA13,0.23,0.55,0.69,1.09,0.51,0,0,0,0,1167.82,0.8,-0.223143551,765
GA13,0.23,0.55,0.69,1.09,0.51,0,0,0,0,1167.82,0.06,-2.813410717,785
GA13,0.23,0.55,0.69,1.09,0.51,0,0,0,0,1167.82,0.005,-5.298317367,800
GA14,0.3,0.28,0.65,1.17,0.35,0.12,0,0.23,0,1083.61,2.38,0.867100488,700
GA14,0.3,0.28,0.65,1.17,0.35,0.12,0,0.23,0,1083.61,0.7,-0.356674944,725
GA14,0.3,0.28,0.65,1.17,0.35,0.12,0,0.23,0,1083.61,0.045,-3.101092789,750
GA14,0.3,0.28,0.65,1.17,0.35,0.12,0,0.23,0,1083.61,0.003,-5.80914299,770
Ga14,0.3,0.28,0.68,1.17,0.34,0.12,0,0.23,0,1268.68,0.4,-0.916290732,715
Ga14,0.3,0.28,0.67,1.17,0.34,0.12,0,0.23,0,1268.68,0.045,-3.101092789,750
Ga14,0.3,0.28,0.67,1.17,0.34,0.12,0,0.23,0,1268.68,0.004,-5.521460918,760
GA15,0.38,0.31,0.67,1.18,0.25,0.09,0,0.21,0,1083.61,2.13,0.75612198,690
GA15,0.38,0.31,0.67,1.18,0.25,0.09,0,0.21,0,1083.61,0.55,-0.597837001,720
GA15,0.38,0.31,0.67,1.18,0.25,0.09,0,0.21,0,1083.61,0.03,-3.506557897,745
GA15,0.38,0.31,0.67,1.18,0.25,0.09,0,0.21,0,1083.61,0.002,-6.214608098,755
Ga15,0.38,0.3,0.69,1.17,0.25,0.09,0,0.21,0,1268.68,0.475,-0.744440475,680
Ga15,0.38,0.3,0.69,1.17,0.25,0.09,0,0.21,0,1268.68,0.055,-2.900422094,720
Ga15,0.38,0.3,0.69,1.17,0.25,0.09,0,0.21,0,1268.68,0.004,-5.521460918,735
GA16,0.46,0.3,0.42,1.2,0.35,0.24,0,0.32,0,1083.61,0.117,-2.145581344,700
Ga16,0.46,0.3,0.45,1.2,0.34,0.24,0,0.32,0,1268.68,0.09,-2.407945609,680
GA17,0.5,0.45,0.85,1.26,0.42,0.12,0,0.21,0,1083.61,0.08,-2.525728644,680
GA17,0.5,0.45,0.85,1.26,0.42,0.12,0,0.21,0,1083.61,0.004,-5.521460918,720
Ga17,0.5,0.45,0.87,1.26,0.41,0.12,0,0.21,0,1268.68,0.04,-3.218875825,680
Ga17,0.5,0.45,0.87,1.26,0.41,0.12,0,0.21,0,1268.68,0.006,-5.11599581,705
GA18,0.3,0.29,0.31,1.65,0.53,2.25,0,0.25,0,1083.61,0.133,-2.017406151,695
GA18,0.3,0.29,0.31,1.65,0.53,2.25,0,0.25,0,1083.61,0.007,-4.96184513,710
Ga18,0.3,0.29,0.35,1.64,0.52,2.25,0,0.25,0,1268.68,0.007,-4.96184513,710
GA20,0.17,0.3,0.71,0.09,0.49,0.51,0,0.18,0,1139.37,31.3,3.443618098,735
GA20,0.17,0.3,0.71,0.09,0.49,0.51,0,0.18,0,1139.37,9.5,2.251291799,765
GA20,0.17,0.3,0.71,0.09,0.49,0.51,0,0.18,0,1139.37,0.7,-0.356674944,790
GA20,0.17,0.3,0.71,0.09,0.49,0.51,0,0.18,0,1139.37,0.065,-2.733368009,795
GA20,0.17,0.3,0.7,0.09,0.49,0.51,0,0.18,0,1139.37,0.006,-5.11599581,800
GA21,0.3,0.38,0.54,0.08,0,3.26,0,0,0,1083.61,28.8,3.360375387,645
GA21,0.3,0.38,0.54,0.08,0,3.26,0,0,0,1083.61,9.5,2.251291799,665
GA21,0.3,0.38,0.54,0.08,0,3.26,0,0,0,1083.61,0.9,-0.105360516,670
GA21,0.3,0.38,0.54,0.08,0,3.26,0,0,0,1083.61,0.085,-2.465104022,675
GA21,0.3,0.38,0.54,0.08,0,3.26,0,0,0,1083.61,0.008,-4.828313737,680
GA22,0.38,1.43,1.43,0.28,0,0,0,0,0,1085.28,9,2.197224577,700
GA22,0.38,1.43,1.43,0.28,0,0,0,0,0,1085.28,0.6,-0.510825624,730
GA22,0.38,1.43,1.43,0.28,0,0,0,0,0,1085.28,0.05,-2.995732274,740
Ga22,0.38,1.43,1.43,0.28,0,0,0,0,0,1248.84,0.8,-0.223143551,710
Ga22,0.38,1.43,1.43,0.28,0,0,0,0,0,1248.84,0.065,-2.733368009,725
GA23,0.73,2.22,0.92,0.13,0,0.09,0,0.18,0,1078.96,6.75,1.909542505,645
GA23,0.73,2.22,0.92,0.13,0,0.09,0,0.18,0,1078.96,1,0,680
GA23,0.73,2.22,0.92,0.13,0,0.09,0,0.18,0,1078.96,0.07,-2.659260037,710
GA23,0.73,2.22,0.92,0.13,0,0.09,0,0.18,0,1078.96,0.006,-5.11599581,725
GA24,0.76,0.33,0.27,0.14,0,0.07,0,0.2,0,1092.92,90,4.49980967,635
GA24,0.76,0.33,0.27,0.14,0,0.07,0,0.2,0,1092.92,14,2.63905733,675
GA24,0.76,0.33,0.27,0.14,0,0.07,0,0.2,0,1092.92,1.3,0.262364264,685
GA24,0.76,0.33,0.27,0.14,0,0.07,0,0.2,0,1092.92,0.11,-2.207274913,705
GA24,0.76,0.33,0.26,0.14,0,0.07,0,0.2,0,1092.92,0.01,-4.605170186,715
GA27,0.19,0.44,1.19,0.31,0.35,0.9,0,1.19,0,1097.35,4.59,1.523880024,656
GA27,0.19,0.44,1.19,0.31,0.35,0.9,0,1.19,0,1097.35,0.636,-0.452556716,699
GA27,0.19,0.44,1.19,0.31,0.35,0.9,0,1.19,0,1097.35,0.016,-4.135166557,730
Ga27,0.19,0.43,1.21,0.31,0.35,0.9,0,1.19,0,1262.22,1.344,0.295650242,669
Ga27,0.19,0.43,1.21,0.31,0.35,0.9,0,1.19,0,1262.22,0.206,-1.57987911,707
Ga27,0.19,0.43,1.21,0.31,0.35,0.9,0,1.19,0,1262.22,0.02,-3.912023005,731
GB01,0.15,0.24,0.06,0.07,0,0,0,0.17,0,1139.53,150,5.010635294,720
GB01,0.15,0.24,0.06,0.07,0,0,0,0.17,0,1139.53,8.5,2.140066163,785
GB01,0.15,0.24,0.06,0.07,0,0,0,0.17,0,1139.53,0.6,-0.510825624,810
GB01,0.15,0.24,0.04,0.07,0,0,0,0.17,0,1139.53,0.045,-3.101092789,825
GB01,0.15,0.24,0.03,0.07,0,0,0,0.17,0,1139.53,0.004,-5.521460918,835
Gb01,0.15,0.24,0.14,0.07,0,0,0,0.17,0,1280.57,155,5.043425117,715
Gb01,0.15,0.24,0.14,0.07,0,0,0,0.17,0,1280.57,9,2.197224577,780
Gb01,0.15,0.24,0.14,0.07,0,0,0,0.17,0,1280.57,0.7,-0.356674944,800
Gb01,0.15,0.24,0.13,0.07,0,0,0,0.17,0,1280.57,0.055,-2.900422094,815
Gb01,0.15,0.24,0.13,0.07,0,0,0,0.17,0,1280.57,0.004,-5.521460918,830
GB02,0.3,0.38,0.13,0.14,0,0,0,0.27,0,1073.35,23.8,3.169685581,735
GB02,0.3,0.38,0.13,0.14,0,0,0,0.27,0,1073.35,7,1.945910149,760
GB02,0.3,0.38,0.13,0.14,0,0,0,0.27,0,1073.35,0.6,-0.510825624,770
GB02,0.3,0.38,0.13,0.14,0,0,0,0.27,0,1073.35,0.045,-3.101092789,785
GB02,0.3,0.38,0.12,0.14,0,0,0,0.27,0,1073.35,0.004,-5.521460918,795
Gb02,0.3,0.38,0.16,0.14,0,0,0,0.27,0,1185.15,57.5,4.051784948,700
Gb02,0.3,0.38,0.16,0.14,0,0,0,0.27,0,1185.15,19,2.944438979,740
Gb02,0.3,0.38,0.15,0.14,0,0,0,0.27,0,1185.15,1.6,0.470003629,770
Gb02,0.3,0.38,0.13,0.14,0,0,0,0.27,0,1185.15,0.145,-1.931021537,785
Gb02,0.3,0.38,0.12,0.14,0,0,0,0.27,0,1185.15,0.014,-4.268697949,795
GB03,0.46,0.42,0.19,0.15,0,0,0,0.27,0,1073.35,37.5,3.624340933,680
GB03,0.46,0.42,0.19,0.15,0,0,0,0.27,0,1073.35,12.5,2.525728644,705
GB03,0.46,0.42,0.19,0.15,0,0,0,0.27,0,1073.35,1.1,0.09531018,720
GB03,0.46,0.42,0.19,0.15,0,0,0,0.27,0,1073.35,0.1,-2.302585093,730
GB03,0.46,0.42,0.18,0.15,0,0,0,0.27,0,1073.35,0.01,-4.605170186,735
Gb03,0.46,0.41,0.21,0.15,0,0,0,0.27,0,1185.15,63.8,4.15575319,675
Gb03,0.46,0.41,0.21,0.15,0,0,0,0.27,0,1185.15,23,3.135494216,700
Gb03,0.46,0.41,0.2,0.15,0,0,0,0.27,0,1185.15,2.15,0.765467842,715
Gb03,0.46,0.41,0.19,0.15,0,0,0,0.27,0,1185.15,0.205,-1.5847453,725
Gb03,0.46,0.41,0.19,0.15,0,0,0,0.27,0,1185.15,0.02,-3.912023005,730
GB04,0.16,0.24,1.19,1.07,0,0.13,0,0.25,0,1102.22,16,2.772588722,680
GB04,0.16,0.24,1.19,1.07,0,0.13,0,0.25,0,1102.22,1,0,740
GB04,0.16,0.24,1.19,1.07,0,0.13,0,0.25,0,1102.22,0.09,-2.407945609,750
GB04,0.16,0.24,1.19,1.07,0,0.13,0,0.25,0,1102.22,0.009,-4.710530702,755
Gb04,0.16,0.24,1.21,1.07,0,0.13,0,0.25,0,1268.68,4.67,1.541159072,700
Gb04,0.16,0.24,1.21,1.07,0,0.13,0,0.25,0,1268.68,1,0,740
Gb04,0.16,0.24,1.21,1.07,0,0.13,0,0.25,0,1268.68,0.09,-2.407945609,750
Gb04,0.16,0.24,1.21,1.07,0,0.13,0,0.25,0,1268.68,0.009,-4.710530702,755
GB05,0.33,0.29,1.34,1.16,0,0.13,0,0.28,0,1073.35,2.58,0.947789399,675
GB05,0.33,0.29,1.34,1.16,0,0.13,0,0.28,0,1073.35,0.12,-2.120263536,710
GB05,0.33,0.29,1.34,1.16,0,0.13,0,0.28,0,1073.35,0.011,-4.509860006,725
Gb05,0.33,0.29,1.34,1.15,0,0.13,0,0.28,0,1185.15,1.25,0.223143551,680
Gb05,0.33,0.29,1.34,1.15,0,0.13,0,0.28,0,1185.15,0.22,-1.514127733,710
Gb05,0.33,0.29,1.34,1.15,0,0.13,0,0.28,0,1185.15,0.021,-3.863232841,725
GB06,0.53,0.31,1.35,1.19,0,0.13,0,0.28,0,1073.35,0.155,-1.864330162,675
GB06,0.53,0.31,1.35,1.19,0,0.13,0,0.28,0,1073.35,0.014,-4.268697949,690
Gb06,0.53,0.31,1.35,1.19,0,0.13,0,0.28,0,1185.15,0.26,-1.347073648,670
Gb06,0.53,0.31,1.35,1.19,0,0.13,0,0.28,0,1185.15,0.025,-3.688879454,685
GB07,0.13,0.32,0.4,1.58,0.06,1.73,0,0.24,0,1102.22,6,1.791759469,700
GB07,0.13,0.32,0.4,1.58,0.06,1.73,0,0.24,0,1102.22,0.95,-0.051293294,725
GB07,0.13,0.32,0.4,1.58,0.06,1.73,0,0.24,0,1102.22,0.085,-2.465104022,735
GB07,0.13,0.32,0.39,1.58,0.06,1.73,0,0.24,0,1102.22,0.007,-4.96184513,750
Gb07,0.13,0.32,0.44,1.58,0.06,1.73,0,0.24,0,1268.68,1.2,0.182321557,700
Gb07,0.13,0.32,0.44,1.58,0.06,1.73,0,0.24,0,1268.68,0.09,-2.407945609,730
Gb07,0.13,0.32,0.44,1.58,0.06,1.73,0,0.24,0,1268.68,0.007,-4.96184513,750
GB08,0.32,0.38,0.51,1.72,0.09,1.68,0,0.27,0,1073.35,0.217,-1.527857925,700
GB08,0.32,0.38,0.51,1.72,0.09,1.68,0,0.27,0,1073.35,0.011,-4.509860006,725
Gb08,0.32,0.38,0.51,1.72,0.09,1.68,0,0.27,0,1185.15,0.392,-0.936493439,695
Gb08,0.32,0.38,0.51,1.71,0.09,1.68,0,0.27,0,1185.15,0.021,-3.863232841,725
GB09,0.5,0.39,0.53,1.76,0.09,1.62,0,0.26,0,1073.35,0.038,-3.270169119,680
GB09,0.5,0.39,0.53,1.76,0.09,1.62,0,0.26,0,1073.35,0.015,-4.199705078,685
Gb09,0.5,0.39,0.55,1.76,0.09,1.62,0,0.26,0,1185.15,0.025,-3.688879454,680
GB10,0.16,0.33,0.43,2.1,0.03,2.25,0,0,0,1102.22,0.575,-0.553385238,675
GB10,0.16,0.33,0.43,2.1,0.03,2.25,0,0,0,1102.22,0.095,-2.353878387,695
GB10,0.16,0.33,0.42,2.1,0.03,2.25,0,0,0,1102.22,0.008,-4.828313737,715
Gb10,0.16,0.33,0.46,2.1,0.03,2.25,0.03,0,0,1268.68,0.183,-1.698269126,680
Gb10,0.16,0.33,0.46,2.1,0.03,2.25,0.03,0,0,1268.68,0.1,-2.302585093,690
Gb10,0.16,0.33,0.46,2.1,0.03,2.25,0.03,0,0,1268.68,0.008,-4.828313737,710
GB11,0.34,0.37,0.46,2.23,0.04,2.14,0.03,0,0,1073.35,0.135,-2.002480501,695
GB11,0.34,0.37,0.46,2.23,0.04,2.14,0,0,0,1073.35,0.018,-4.017383521,720
Gb11,0.34,0.37,0.48,2.23,0.04,2.14,0,0,0,1185.15,0.042,-3.170085661,680
GB13,0.13,0.29,0.4,0.85,0.05,4.15,0,0.2,0,1111.19,4.38,1.477048724,650
GB13,0.13,0.29,0.4,0.85,0.05,4.15,0,0.2,0,1111.19,0.135,-2.002480501,690
GB13,0.13,0.29,0.39,0.85,0.05,4.15,0,0.2,0,1111.19,0.012,-4.422848629,705
Gb13,0.13,0.29,0.44,0.85,0.05,4.15,0,0.2,0,1280.57,0.165,-1.801809805,660
Gb13,0.13,0.29,0.44,0.85,0.05,4.15,0,0.2,0,1280.57,0.015,-4.199705078,680
GB14,0.25,0.3,0.42,0.87,0.06,3.97,0,0.2,0,1073.35,0.21,-1.560647748,620
GB14,0.25,0.3,0.42,0.87,0.06,3.97,0,0.2,0,1073.35,0.016,-4.135166557,675
Gb14,0.25,0.3,0.45,0.87,0.06,3.97,0,0.2,0,1185.15,0.029,-3.540459449,640
GB15,0.53,0.3,0.45,0.9,0.06,3.85,0,0.19,0,1073.35,0.021,-3.863232841,620
GB16,0.22,0.35,0.65,0.63,0.57,0.17,0.04,0.21,0,1130.09,15,2.708050201,720
GB16,0.22,0.35,0.65,0.63,0.57,0.17,0.04,0.21,0,1130.09,1,0,770
GB16,0.22,0.35,0.65,0.63,0.57,0.17,0.04,0.21,0,1130.09,0.075,-2.590267165,795
GB16,0.22,0.35,0.65,0.63,0.57,0.17,0.04,0.21,0,1130.09,0.007,-4.96184513,800
Gb16,0.22,0.35,0.69,0.63,0.56,0.17,0.04,0.21,0,1280.57,1.05,0.048790164,765
Gb16,0.22,0.35,0.68,0.63,0.56,0.17,0.04,0.21,0,1280.57,0.08,-2.525728644,790
Gb16,0.22,0.35,0.69,0.63,0.56,0.17,0.04,0.21,0,1280.57,0.007,-4.96184513,800
GB17,0.28,0.38,0.69,0.65,0.64,0.17,0.04,0.22,0,1073.35,0.85,-0.162518929,745
GB17,0.28,0.38,0.69,0.65,0.64,0.17,0.04,0.22,0,1073.35,0.055,-2.900422094,775
GB17,0.28,0.38,0.68,0.65,0.63,0.17,0.04,0.22,0,1073.35,0.004,-5.521460918,790
Gb17,0.28,0.37,0.69,0.65,0.63,0.17,0.04,0.22,0,1185.15,2.05,0.717839793,725
Gb17,0.28,0.37,0.69,0.65,0.63,0.17,0.04,0.22,0,1185.15,0.16,-1.832581464,770
Gb17,0.28,0.37,0.68,0.65,0.63,0.17,0.04,0.22,0,1185.15,0.015,-4.199705078,785
GB18,0.57,0.44,0.75,0.69,0.81,0.16,0.04,0.22,0,1073.35,0.075,-2.590267165,680
GB18,0.57,0.44,0.75,0.69,0.44,0.16,0.04,0.22,0,1073.35,0.011,-4.509860006,720
Gb18,0.57,0.44,0.75,0.69,0.81,0.16,0.04,0.22,0,1185.15,0.133,-2.017406151,665
Gb18,0.57,0.44,0.75,0.69,0.8,0.16,0.04,0.22,0,1185.15,0.022,-3.816712826,710
GB19,0.2,0.17,0.53,0.53,0.6,1.81,0,0,0,1111.19,1.45,0.371563556,680
GB19,0.2,0.17,0.53,0.53,0.6,1.81,0,0,0,1111.19,0.105,-2.253794929,720
GB19,0.2,0.17,0.53,0.53,0.6,1.81,0,0,0,1111.19,0.009,-4.710530702,740
Gb19,0.2,0.17,0.57,0.52,0.6,1.81,0,0,0,1280.57,0.145,-1.931021537,680
Gb19,0.2,0.17,0.57,0.52,0.6,1.81,0,0,0,1280.57,0.011,-4.509860006,720
GB20,0.28,0.18,0.57,0.54,0.69,1.79,0,0,0,1073.35,0.15,-1.897119985,680
GB20,0.28,0.18,0.57,0.54,0.69,1.79,0,0,0,1073.35,0.009,-4.710530702,740
Gb20,0.28,0.18,0.57,0.54,0.69,1.79,0,0,0,1185.15,0.13,-2.040220829,670
Gb20,0.28,0.18,0.57,0.54,0.69,1.79,0,0,0,1185.15,0.021,-3.863232841,725
GB22,0.23,0.36,0.46,0.14,0.7,0.06,0.04,0.1,0,1120.64,2.75,1.011600912,755
GB22,0.23,0.36,0.46,0.14,0.7,0.06,0.04,0.1,0,1120.64,0.85,-0.162518929,780
GB22,0.23,0.36,0.46,0.14,0.7,0.06,0.04,0.1,0,1120.64,0.05,-2.995732274,815
GB22,0.23,0.36,0.46,0.14,0.7,0.06,0.04,0.1,0,1120.64,0.004,-5.521460918,825
Gb22,0.23,0.36,0.51,0.14,0.69,0.06,0.04,0.1,0,1280.57,1.83,0.604315967,755
Gb22,0.23,0.36,0.51,0.14,0.69,0.06,0.04,0.1,0,1280.57,0.9,-0.105360516,775
Gb22,0.23,0.36,0.51,0.14,0.69,0.06,0.04,0.1,0,1280.57,0.055,-2.900422094,810
Gb22,0.23,0.36,0.51,0.14,0.69,0.06,0.04,0.1,0,1280.57,0.004,-5.521460918,825
GB23,0.31,0.4,0.52,0.14,0.79,0.06,0.04,0.1,0,1073.35,2,0.693147181,750
GB23,0.31,0.4,0.52,0.14,0.79,0.06,0.04,0.1,0,1073.35,0.65,-0.430782916,765
GB23,0.31,0.4,0.52,0.14,0.79,0.06,0.04,0.1,0,1073.35,0.035,-3.352407217,795
GB23,0.31,0.4,0.52,0.14,0.79,0.06,0.04,0.1,0,1073.35,0.003,-5.80914299,800
Gb23,0.31,0.4,0.53,0.14,0.79,0.06,0.04,0.1,0,1185.15,4.88,1.58514522,735
Gb23,0.31,0.4,0.53,0.14,0.79,0.06,0.04,0.1,0,1185.15,1.75,0.559615788,755
Gb23,0.31,0.4,0.52,0.14,0.79,0.06,0.04,0.1,0,1185.15,0.14,-1.966112856,790
Gb23,0.31,0.4,0.52,0.14,0.78,0.06,0.04,0.1,0,1185.15,0.013,-4.342805922,800
GB24,0.58,0.45,0.59,0.15,0.98,0.05,0.04,0.1,0,1073.35,0.375,-0.980829253,680
GB24,0.58,0.45,0.59,0.15,0.98,0.05,0.04,0.1,0,1073.35,0.13,-2.040220829,700
GB24,0.58,0.45,0.59,0.15,0.42,0.05,0.04,0.1,0,1073.35,0.011,-4.509860006,720
Gb24,0.58,0.45,0.59,0.15,0.97,0.05,0.04,0.1,0,1185.15,0.23,-1.46967597,700
Gb24,0.58,0.45,0.59,0.15,0.42,0.05,0.04,0.1,0,1185.15,0.021,-3.863232841,720
GB25,0.37,0.22,0.57,0,0,0.06,0,0.16,0,1127.21,37.5,3.624340933,660
GB25,0.37,0.22,0.57,0,0,0.06,0,0.16,0,1127.21,13,2.564949357,680
GB25,0.37,0.22,0.57,0,0,0.06,0,0.16,0,1127.21,0.95,-0.051293294,715
GB25,0.37,0.22,0.57,0,0,0.06,0,0.16,0,1127.21,0.07,-2.659260037,740
Gb25,0.37,0.22,0.62,0,0,0.06,0,0.16,0,1336.58,42.5,3.749504076,640
Gb25,0.37,0.22,0.62,0,0,0.06,0,0.16,0,1336.58,15,2.708050201,660
Gb25,0.37,0.22,0.62,0,0,0.06,0,0.16,0,1336.58,1.1,0.09531018,700
Gb25,0.37,0.22,0.62,0,0,0.06,0,0.16,0,1336.58,0.09,-2.407945609,720
GB26,0.21,0.35,1.35,0.06,0.72,0.06,0.03,0.11,0,1139.53,1.4,0.336472237,720
GB26,0.21,0.35,1.35,0.06,0.72,0.06,0.03,0.11,0,1139.53,0.105,-2.253794929,755
GB26,0.21,0.35,1.35,0.06,0.72,0.06,0.03,0.11,0,1139.53,0.009,-4.710530702,770
GB27,0.17,0.59,1.51,0,0,0,0,0,0,1114.33,105,4.65396035,660
GB27,0.17,0.59,1.51,0,0,0,0,0,0,1114.33,15.5,2.740840024,715
GB27,0.17,0.59,1.51,0,0,0,0,0,0,1114.33,1.15,0.139761942,755
GB27,0.17,0.59,1.51,0,0,0,0,0,0,1114.33,0.085,-2.465104022,785
Gb27,0.17,0.58,1.51,0,0,0,0.06,0,0,1409.07,9,2.197224577,690
Gb27,0.17,0.58,1.51,0,0,0,0.06,0,0,1409.07,1.4,0.336472237,730
Gb27,0.17,0.58,1.51,0,0,0,0.06,0,0,1409.07,0.313,-1.161552088,745
GB28,0.55,0.43,1.03,0.11,0,0.08,0,0.13,0,1074.3,37.5,3.624340933,620
GB28,0.55,0.43,1.03,0.11,0,0.08,0,0.13,0,1074.3,12,2.48490665,650
GB28,0.55,0.43,1.03,0.11,0,0.08,0,0.13,0,1074.3,0.75,-0.287682072,695
GB28,0.55,0.43,1.03,0.11,0,0.08,0,0.13,0,1074.3,0.055,-2.900422094,715
GB29,0.56,0.41,1.76,0.22,0,0.08,0,0.12,0,1130.1,1.3,0.262364264,640
GB29,0.56,0.41,1.76,0.22,0,0.08,0,0.12,0,1130.1,0.235,-1.448169765,665
GB29,0.56,0.41,1.76,0.22,0,0.08,0,0.12,0,1130.1,0.023,-3.772261063,675
GB31,0.06,0.5,0.86,0.04,0,0,0.03,0.04,0,1409.07,13,2.564949357,800
GB31,0.06,0.5,0.86,0.04,0,0,0.03,0.04,0,1409.07,1.15,0.139761942,815
GB32,0.14,0.24,0.34,0.08,0,0.08,0,0.21,0,1409.07,125,4.828313737,680
GB32,0.14,0.24,0.34,0.08,0,0.08,0,0.21,0,1409.07,18.5,2.917770732,745
GB32,0.14,0.24,0.33,0.08,0,0.08,0,0.21,0,1409.07,1.35,0.300104592,795
GB33,0.16,0.31,0.45,0.07,0,0.06,0.03,0.09,0,1409.07,135,4.905274778,660
GB33,0.16,0.31,0.45,0.07,0,0.06,0.03,0.09,0,1409.07,21.5,3.068052935,715
GB33,0.16,0.31,0.45,0.07,0,0.06,0.03,0.09,0,1409.07,1.6,0.470003629,770
B003,0.06,0,0.51,0,0,0,0,0,0,1159.36,16.6,2.809402695,820
B003,0.06,0,0.51,0,0,0,0,0,0,1159.36,1.66,0.506817602,832
B003,0.06,0,0.51,0,0,0,0,0,0,1159.36,0.166,-1.795767491,840
B003,0.06,0,0.5,0,0,0,0,0,0,1159.36,0.016,-4.135166557,845
B004,0.1,0,0.43,0,0,0,0,0,0,1159.36,16.6,2.809402695,817
B004,0.1,0,0.43,0,0,0,0,0,0,1159.36,1.66,0.506817602,827
B004,0.1,0,0.43,0,0,0,0,0,0,1159.36,0.166,-1.795767491,837
B004,0.1,0,0.42,0,0,0,0,0,0,1159.36,0.016,-4.135166557,843
B005,0.1,0,0.65,0,0,0,0,0,0,1150.37,16.6,2.809402695,808
B005,0.1,0,0.65,0,0,0,0,0,0,1150.37,1.66,0.506817602,820
B005,0.1,0,0.65,0,0,0,0,0,0,1150.37,0.166,-1.795767491,829
B005,0.1,0,0.64,0,0,0,0,0,0,1150.37,0.016,-4.135166557,838
B006,0.13,0,0.69,0,0,0,0,0,0,1150.37,16.6,2.809402695,803
B006,0.13,0,0.69,0,0,0,0,0,0,1150.37,1.66,0.506817602,820
B006,0.13,0,0.69,0,0,0,0,0,0,1150.37,0.166,-1.795767491,832
B006,0.13,0,0.69,0,0,0,0,0,0,1150.37,0.016,-4.135166557,843
B007,0.16,0,0.95,0,0,0,0,0,0,1114.33,16.6,2.809402695,760
B007,0.16,0,0.95,0,0,0,0,0,0,1114.33,1.66,0.506817602,780
B007,0.16,0,0.95,0,0,0,0,0,0,1114.33,0.166,-1.795767491,797
B007,0.16,0,0.94,0,0,0,0,0,0,1114.33,0.016,-4.135166557,810
B008,0.18,0.23,0.21,0,0,0,0,0,0,1114.33,16.6,2.809402695,787
B008,0.18,0.23,0.21,0,0,0,0,0,0,1114.33,1.66,0.506817602,810
B008,0.18,0.23,0.2,0,0,0,0,0,0,1114.33,0.166,-1.795767491,820
B008,0.18,0.23,0.2,0,0,0,0,0,0,1114.33,0.016,-4.135166557,830
B009,0.25,0.26,0.66,0,0,0,0,0,0,1096.26,16.6,2.809402695,728
B009,0.25,0.26,0.66,0,0,0,0,0,0,1096.26,1.66,0.506817602,759
B009,0.25,0.26,0.66,0,0,0,0,0,0,1096.26,0.166,-1.795767491,776
B009,0.25,0.26,0.66,0,0,0,0,0,0,1096.26,0.016,-4.135166557,790
B010,0.3,0.27,0.69,0,0,0,0,0,0,1096.26,16.6,2.809402695,713
B010,0.3,0.27,0.69,0,0,0,0,0,0,1096.26,1.66,0.506817602,741
B010,0.3,0.27,0.69,0,0,0,0,0,0,1096.26,0.166,-1.795767491,755
B010,0.3,0.27,0.69,0,0,0,0,0,0,1096.26,0.016,-4.135166557,759
B011,0.38,0.28,0.72,0,0,0,0,0,0,1078.17,16.6,2.809402695,675
B011,0.38,0.28,0.72,0,0,0,0,0,0,1078.17,1.66,0.506817602,715
B011,0.38,0.28,0.72,0,0,0,0,0,0,1078.17,0.166,-1.795767491,735
B011,0.38,0.28,0.72,0,0,0,0,0,0,1078.17,0.016,-4.135166557,750
B012,0.4,0.28,0.72,0,0,0,0,0,0,1069.11,1.66,0.506817602,710
B012,0.4,0.28,0.72,0,0,0,0,0,0,1069.11,0.166,-1.795767491,735
B012,0.4,0.28,0.72,0,0,0,0,0,0,1069.11,0.016,-4.135166557,750
B013,0.44,0.41,0.77,0,0,0,0,0.16,0,1069.11,1.66,0.506817602,710
B013,0.44,0.41,0.77,0,0,0,0,0.16,0,1069.11,0.166,-1.795767491,728
B013,0.44,0.41,0.77,0,0,0,0,0.16,0,1069.11,0.016,-4.135166557,740
B014,0.51,1.08,0.13,0,0,0,0,0,0,1050.97,16.6,2.809402695,687
B014,0.51,1.08,0.13,0,0,0,0,0,0,1050.97,1.66,0.506817602,713
B014,0.51,1.08,0.13,0,0,0,0,0,0,1050.97,0.166,-1.795767491,722
B014,0.51,1.08,0.12,0,0,0,0,0,0,1050.97,0.016,-4.135166557,730
B015,0.52,0.3,0.73,0,0,0,0,0,0,1041.88,1.66,0.506817602,698
B015,0.52,0.3,0.73,0,0,0,0,0,0,1041.88,0.166,-1.795767491,718
B015,0.52,0.3,0.73,0,0,0,0,0,0,1041.88,0.016,-4.135166557,728
B016,0.56,1.09,0.14,0,0,0,0,0,0,1041.88,16.6,2.809402695,680
B016,0.56,1.09,0.14,0,0,0,0,0,0,1041.88,1.66,0.506817602,708
B016,0.56,1.09,0.13,0,0,0,0,0,0,1041.88,0.166,-1.795767491,716
B016,0.56,1.09,0.13,0,0,0,0,0,0,1041.88,0.016,-4.135166557,720
B017,0.6,0.3,0.68,0,0,0,0,0.15,0,1050.97,1.66,0.506817602,684
B017,0.6,0.3,0.68,0,0,0,0,0.15,0,1050.97,0.166,-1.795767491,708
B017,0.6,0.3,0.68,0,0,0,0,0.15,0,1050.97,0.016,-4.135166557,716
B018,0.61,1.09,0.14,0,0,0,0,0,0,1050.97,16.6,2.809402695,666
B018,0.61,1.09,0.14,0,0,0,0,0,0,1050.97,1.66,0.506817602,705
B018,0.61,1.09,0.14,0,0,0,0,0,0,1050.97,0.166,-1.795767491,715
B018,0.61,1.09,0.14,0,0,0,0,0,0,1050.97,0.016,-4.135166557,719
B024,0.19,0.24,1.31,0,0,0,0,0,0,1087.22,16.6,2.809402695,738
B024,0.19,0.24,1.31,0,0,0,0,0,0,1087.22,1.66,0.506817602,756
B024,0.19,0.24,1.31,0,0,0,0,0,0,1087.22,0.166,-1.795767491,767
B024,0.19,0.24,1.31,0,0,0,0,0,0,1087.22,0.016,-4.135166557,775
B025,0.28,0.27,1.4,0,0,0,0,0,0,1087.22,16.6,2.809402695,660
B025,0.28,0.27,1.4,0,0,0,0,0,0,1087.22,1.66,0.506817602,697
B025,0.28,0.27,1.4,0,0,0,0,0,0,1087.22,0.166,-1.795767491,718
B025,0.28,0.27,1.4,0,0,0,0,0,0,1087.22,0.016,-4.135166557,735
B026,0.36,0.28,1.43,0,0,0,0,0,0,1078.17,16.6,2.809402695,637
B026,0.36,0.28,1.43,0,0,0,0,0,0,1078.17,1.66,0.506817602,680
B026,0.36,0.28,1.43,0,0,0,0,0,0,1078.17,0.166,-1.795767491,700
B026,0.36,0.28,1.43,0,0,0,0,0,0,1078.17,0.016,-4.135166557,715
B027,0.15,0.28,1.5,0,0,0,0,0,0,1159.36,16.6,2.809402695,755
B027,0.15,0.28,1.5,0,0,0,0,0,0,1159.36,1.66,0.506817602,767
B027,0.15,0.28,1.49,0,0,0,0,0,0,1159.36,0.166,-1.795767491,780
B027,0.15,0.28,1.49,0,0,0,0,0,0,1159.36,0.016,-4.135166557,780
B028,0.19,0.24,1.7,0,0,0,0,0,0,1087.22,16.6,2.809402695,740
B028,0.19,0.24,1.7,0,0,0,0,0,0,1087.22,1.66,0.506817602,760
B028,0.19,0.24,1.7,0,0,0,0,0,0,1087.22,0.166,-1.795767491,770
B028,0.19,0.24,1.7,0,0,0,0,0,0,1087.22,0.016,-4.135166557,778
B029,0.28,0.27,1.8,0,0,0,0,0,0,1078.17,16.6,2.809402695,642
B029,0.28,0.27,1.8,0,0,0,0,0,0,1078.17,1.66,0.506817602,693
B029,0.28,0.27,1.8,0,0,0,0,0,0,1078.17,0.166,-1.795767491,720
B029,0.28,0.27,1.8,0,0,0,0,0,0,1078.17,0.016,-4.135166557,735
B030,0.36,0.28,1.83,0,0,0,0,0,0,1069.11,1.66,0.506817602,668
B030,0.36,0.28,1.83,0,0,0,0,0,0,1069.11,0.166,-1.795767491,704
B030,0.36,0.28,1.83,0,0,0,0,0,0,1069.11,0.016,-4.135166557,718
B031,0.3,0.21,2.21,0,0,0,0,0,0,1078.17,1.66,0.506817602,660
B031,0.3,0.21,2.21,0,0,0,0,0,0,1078.17,0.166,-1.795767491,685
B031,0.3,0.21,2.21,0,0,0,0,0,0,1078.17,0.016,-4.135166557,693
B032,0.38,0.36,2.25,0,0,0,0,0,0,1078.17,1.66,0.506817602,655
B032,0.38,0.36,2.25,0,0,0,0,0,0,1078.17,0.166,-1.795767491,693
B032,0.38,0.36,2.25,0,0,0,0,0,0,1078.17,0.016,-4.135166557,700
B033,0.46,0.37,2.27,0,0,0,0,0,0,1069.11,1.66,0.506817602,605
B033,0.46,0.37,2.27,0,0,0,0,0,0,1069.11,0.166,-1.795767491,622
B033,0.46,0.37,2.27,0,0,0,0,0,0,1069.11,0.016,-4.135166557,632
B037,0.27,0.27,1.83,0,0.43,0,0,0,0,1064.58,0.166,-1.795767491,705
B037,0.27,0.27,1.83,0,0.43,0,0,0,0,1064.58,0.016,-4.135166557,718
B038,0.3,0.27,1.85,0,0.44,0,0,0,0,1064.58,0.166,-1.795767491,695
B038,0.3,0.27,1.85,0,0.44,0,0,0,0,1064.58,0.016,-4.135166557,720
B039,0.32,0.25,1.82,0,0.43,0,0,0,0,1064.58,0.166,-1.795767491,690
B039,0.32,0.25,1.81,0,0.43,0,0,0,0,1064.58,0.016,-4.135166557,704
B040,0.35,0.28,1.87,0,0.47,0,0,0,0,1064.58,0.166,-1.795767491,670
B040,0.35,0.28,1.87,0,0.47,0,0,0,0,1064.58,0.016,-4.135166557,700
B041,0.37,0.26,1.83,0,0.46,0,0,0,0,1064.58,0.166,-1.795767491,675
B041,0.37,0.26,1.83,0,0.46,0,0,0,0,1064.58,0.016,-4.135166557,700
B042,0.38,0.36,1.84,0,0.78,0,0,0,0,1064.58,0.166,-1.795767491,650
B042,0.38,0.36,1.84,0,0.78,0,0,0,0,1064.58,0.016,-4.135166557,715
B043,0.22,0.25,1.2,0.68,0,0.21,0,0.37,0,1096.26,16.6,2.809402695,660
B043,0.22,0.25,1.2,0.68,0,0.21,0,0.37,0,1096.26,1.66,0.506817602,720
B043,0.22,0.25,1.2,0.68,0,0.21,0,0.37,0,1096.26,0.166,-1.795767491,750
B043,0.22,0.25,1.19,0.68,0,0.21,0,0.37,0,1096.26,0.016,-4.135166557,760
B044,0.16,0.27,1.16,1.03,0,0,0,0,0,1087.22,16.6,2.809402695,665
B044,0.16,0.27,1.16,1.03,0,0,0,0,0,1087.22,1.66,0.506817602,720
B044,0.16,0.27,1.16,1.03,0,0,0,0,0,1087.22,0.166,-1.795767491,740
B044,0.16,0.27,1.16,1.03,0,0,0,0,0,1087.22,0.016,-4.135166557,755
B045,0.2,0.29,1.36,1.28,0,0.17,0,0,0,1087.22,1.66,0.506817602,715
B045,0.2,0.29,1.36,1.28,0,0.17,0,0,0,1087.22,0.166,-1.795767491,750
B045,0.2,0.29,1.36,1.28,0,0.17,0,0,0,1087.22,0.016,-4.135166557,760
B046,0.19,0.24,1.83,0,0.33,0.64,0,0,0,1087.22,0.166,-1.795767491,712
B046,0.19,0.24,1.83,0,0.33,0.64,0,0,0,1087.22,0.016,-4.135166557,730
B047,0.27,0.3,1.54,0.52,0.29,0.85,0,0,0,1069.11,0.166,-1.795767491,692
B047,0.27,0.3,1.54,0.52,0.29,0.85,0,0,0,1069.11,0.016,-4.135166557,705
B048,0.33,0.32,1.57,0.53,0.31,0.84,0,0,0,1069.11,0.166,-1.795767491,680
B048,0.33,0.32,1.57,0.53,0.31,0.84,0,0,0,1069.11,0.016,-4.135166557,702
B049,0.37,0.32,1.57,0.53,0.33,0.83,0,0,0,1069.11,0.166,-1.795767491,660
B049,0.37,0.32,1.57,0.53,0.33,0.83,0,0,0,1069.11,0.016,-4.135166557,678
B050,0.38,0.34,1.61,0.59,0.33,0.83,0,0,0,1069.11,0.166,-1.795767491,658
B050,0.38,0.34,1.61,0.59,0.33,0.83,0,0,0,1069.11,0.016,-4.135166557,673
B051,0.43,0.33,1.58,0.54,0.34,0.82,0,0,0,1069.11,0.166,-1.795767491,643
B051,0.43,0.33,1.58,0.54,0.34,0.82,0,0,0,1069.11,0.016,-4.135166557,662
B052,0.4,2.34,0.95,0,0,0,0,0,0,1123.35,16.6,2.809402695,680
B052,0.4,2.34,0.95,0,0,0,0,0,0,1123.35,1.66,0.506817602,735
B052,0.4,2.34,0.95,0,0,0,0,0,0,1123.35,0.166,-1.795767491,762
B052,0.4,2.34,0.95,0,0,0,0,0,0,1123.35,0.016,-4.135166557,780
B053,0.54,2.59,0.97,0.12,0,0.13,0,0,0,1123.35,6,1.791759469,690
B053,0.54,2.59,0.97,0.12,0,0.13,0,0,0,1123.35,1.66,0.506817602,735
B053,0.54,2.59,0.97,0.12,0,0.13,0,0,0,1123.35,0.166,-1.795767491,770
B053,0.54,2.59,0.97,0.12,0,0.13,0,0,0,1123.35,0.016,-4.135166557,780
B054,0.59,2.63,0.97,0,0,0,0,0,0,1123.35,6,1.791759469,700
B054,0.59,2.63,0.97,0,0,0,0,0,0,1123.35,1.66,0.506817602,735
B054,0.59,2.63,0.97,0,0,0,0,0,0,1123.35,0.166,-1.795767491,770
B054,0.59,2.63,0.97,0,0,0,0,0,0,1123.35,0.016,-4.135166557,780
B055,0.62,2.62,0.97,0,0,0,0,0,0,1123.35,5,1.609437912,700
B055,0.62,2.62,0.97,0,0,0,0,0,0,1123.35,1.66,0.506817602,730
B055,0.62,2.62,0.97,0,0,0,0,0,0,1123.35,0.166,-1.795767491,765
B055,0.62,2.62,0.97,0,0,0,0,0,0,1123.35,0.016,-4.135166557,778
B059,0.17,0.29,0.42,0,0.37,0,0,0,0,1136.87,16.666,2.813370716,745
B059,0.17,0.29,0.42,0,0.37,0,0,0,0,1136.87,1.666,0.510425544,788
B059,0.17,0.29,0.42,0,0.37,0,0,0,0,1136.87,0.166,-1.795767491,800
B059,0.17,0.29,0.42,0,0.37,0,0,0,0,1136.87,0.016,-4.135166557,805
B060,0.24,0.38,0.94,0,0.34,0,0,0,0,1114.33,16.6,2.809402695,720
B060,0.24,0.38,0.94,0,0.34,0,0,0,0,1114.33,1.66,0.506817602,745
B060,0.24,0.38,0.94,0,0.34,0,0,0,0,1114.33,0.166,-1.795767491,760
B060,0.24,0.38,0.94,0,0.34,0,0,0,0,1114.33,0.016,-4.135166557,775
B061,0.32,0.41,0.85,0,0.42,0,0,0,0,1050.97,1.66,0.506817602,705
B061,0.32,0.41,0.85,0,0.42,0,0,0,0,1050.97,0.166,-1.795767491,730
B061,0.32,0.41,0.85,0,0.42,0,0,0,0,1050.97,0.016,-4.135166557,740
B062,0.4,0.43,0.88,0,0.46,0,0,0,0,1032.79,0.166,-1.795767491,700
B062,0.4,0.43,0.88,0,0.46,0,0,0,0,1032.79,0.016,-4.135166557,710
B063,0.48,0.37,0.88,0,0.48,0,0,0,0,1032.79,1.66,0.506817602,650
B063,0.48,0.37,0.88,0,0.48,0,0,0,0,1032.79,0.166,-1.795767491,690
B063,0.48,0.37,0.88,0,0.48,0,0,0,0,1032.79,0.016,-4.135166557,700
B064,0.22,0.3,0.47,0,0.69,0,0,0,0,1069.11,1.66,0.506817602,740
B064,0.22,0.3,0.47,0,0.69,0,0,0,0,1069.11,0.166,-1.795767491,760
B064,0.22,0.3,0.47,0,0.69,0,0,0,0,1069.11,0.016,-4.135166557,780
B065,0.38,0.43,0.86,0,0.92,0,0,0,0,1041.88,0.166,-1.795767491,705
B065,0.38,0.43,0.86,0,0.92,0,0,0,0,1041.88,0.016,-4.135166557,720
B067,0.36,0.27,0.86,0,0,0.96,0,0,0,1069.11,16.6,2.809402695,662
B067,0.36,0.27,0.86,0,0,0.96,0,0,0,1069.11,1.66,0.506817602,703
B067,0.36,0.27,0.86,0,0,0.96,0,0,0,1069.11,0.166,-1.795767491,720
B067,0.36,0.27,0.86,0,0,0.96,0,0,0,1069.11,0.016,-4.135166557,737
B068,0.43,0.28,0.87,0,0,0.94,0,0,0,1069.11,1.66,0.506817602,688
B068,0.43,0.28,0.87,0,0,0.94,0,0,0,1069.11,0.166,-1.795767491,712
B068,0.43,0.28,0.87,0,0,0.94,0,0,0,1069.11,0.016,-4.135166557,723
B071,0.1,0.28,0.55,0.05,0,4.22,0,0.09,0,1060.04,16.6,2.809402695,648
B071,0.1,0.28,0.55,0.05,0,4.22,0,0.09,0,1060.04,1.66,0.506817602,680
B071,0.1,0.28,0.55,0.05,0,4.22,0,0.09,0,1060.04,0.166,-1.795767491,697
B071,0.1,0.28,0.55,0.05,0,4.22,0,0.09,0,1060.04,0.016,-4.135166557,705
B072,0.33,0.27,0.73,0.08,0.17,3.76,0,0,0,1060.04,0.166,-1.795767491,600
B072,0.33,0.27,0.73,0.08,0.17,3.76,0,0,0,1060.04,0.016,-4.135166557,633
B073,0.4,0.31,0.71,0.26,0.16,3.68,0,0,0,1078.17,0.016,-4.135166557,600
B074,0.1,0.22,0.25,0,0,5.29,0,0,0,1023.7,0.166,-1.795767491,600
B076,0.16,0.28,1.59,0.22,0.06,1.73,0,0,0,1060.04,1.66,0.506817602,670
B076,0.16,0.28,1.59,0.22,0.06,1.73,0,0,0,1060.04,0.166,-1.795767491,723
B076,0.16,0.28,1.59,0.22,0.06,1.73,0,0,0,1060.04,0.016,-4.135166557,737
B077,0.17,0.22,0.42,0.22,0.31,2.06,0,0,0,1060.04,1.66,0.506817602,724
B077,0.17,0.22,0.42,0.22,0.31,2.06,0,0,0,1060.04,0.166,-1.795767491,740
B077,0.17,0.22,0.42,0.22,0.31,2.06,0,0,0,1060.04,0.016,-4.135166557,752
B078,0.24,0.24,0.47,0.23,0.35,2.05,0,0,0,1050.97,1.66,0.506817602,661
B078,0.24,0.24,0.47,0.23,0.35,2.05,0,0,0,1050.97,0.166,-1.795767491,707
B078,0.24,0.24,0.46,0.23,0.35,2.05,0,0,0,1050.97,0.016,-4.135166557,720
B079,0.4,0.19,0.19,0.18,0.41,1.91,0,0,0,1064.58,0.166,-1.795767491,667
B079,0.4,0.19,0.19,0.18,0.41,1.91,0,0,0,1064.58,0.016,-4.135166557,695
B082,0.15,0.22,0.72,0.69,0.06,0.97,0,0,0,1136.87,16.6,2.809402695,690
B082,0.15,0.22,0.72,0.69,0.06,0.97,0,0,0,1136.87,1.66,0.506817602,730
B082,0.15,0.22,0.72,0.69,0.06,0.97,0,0,0,1136.87,0.166,-1.795767491,743
B082,0.15,0.22,0.71,0.69,0.06,0.97,0,0,0,1136.87,0.016,-4.135166557,753
B083,0.16,0.22,0.73,0.93,0.06,1.31,0,0,0,1136.87,1.66,0.506817602,724
B083,0.16,0.22,0.73,0.93,0.06,1.31,0,0,0,1136.87,0.166,-1.795767491,741
B083,0.16,0.22,0.73,0.93,0.06,1.31,0,0,0,1136.87,0.016,-4.135166557,755
B084,0.35,0.29,0.78,0.76,0,1.43,0,0,0,1069.11,1.66,0.506817602,643
B084,0.35,0.29,0.78,0.76,0,1.43,0,0,0,1069.11,0.166,-1.795767491,697
B084,0.35,0.29,0.78,0.76,0,1.43,0,0,0,1069.11,0.016,-4.135166557,703
B085,0.4,0.3,0.78,0.76,0,1.41,0,0,0,1069.11,0.166,-1.795767491,690
B085,0.4,0.3,0.78,0.76,0,1.41,0,0,0,1069.11,0.016,-4.135166557,707
B086,0.14,0.26,0.3,1.65,0,1.74,0,0,0,1087.22,1.66,0.506817602,704
B086,0.14,0.26,0.3,1.65,0,1.74,0,0,0,1087.22,0.166,-1.795767491,722
B086,0.14,0.26,0.29,1.65,0,1.74,0,0,0,1087.22,0.016,-4.135166557,738
B087,0.15,0.27,0.67,1.03,0,1.64,0,0,0,1087.22,16.6,2.809402695,645
B087,0.15,0.27,0.67,1.03,0,1.64,0,0,0,1087.22,1.66,0.506817602,718
B087,0.15,0.27,0.67,1.03,0,1.64,0,0,0,1087.22,0.166,-1.795767491,732
B087,0.15,0.27,0.67,1.03,0,1.64,0,0,0,1087.22,0.016,-4.135166557,739
B089,0.32,0.24,0.52,1.3,0,3.22,0,0,0,1060.04,0.016,-4.135166557,677
B090,0.12,0.22,0.37,0.98,0,3.73,0,0,0,1050.97,0.166,-1.795767491,673
B090,0.12,0.22,0.37,0.98,0,3.73,0,0,0,1050.97,0.016,-4.135166557,698
B093,0.15,0.21,0.7,0.55,0.22,0.62,0,0,0,1050.97,16.6,2.809402695,743
B093,0.15,0.21,0.7,0.55,0.22,0.62,0,0,0,1050.97,1.66,0.506817602,787
B093,0.15,0.21,0.7,0.55,0.22,0.62,0,0,0,1050.97,0.166,-1.795767491,800
B093,0.15,0.21,0.7,0.55,0.22,0.62,0,0,0,1050.97,0.016,-4.135166557,800
B094,0.24,0.24,0.8,0.57,0.28,0.63,0,0,0,1050.97,16.6,2.809402695,705
B094,0.24,0.24,0.8,0.57,0.28,0.63,0,0,0,1050.97,1.66,0.506817602,758
B094,0.24,0.24,0.79,0.57,0.28,0.63,0,0,0,1050.97,0.166,-1.795767491,783
B094,0.24,0.24,0.79,0.57,0.28,0.63,0,0,0,1050.97,0.016,-4.135166557,796
B095,0.3,0.32,0.83,0.59,0.3,0.62,0,0,0,1069.11,1.66,0.506817602,690
B095,0.3,0.32,0.83,0.59,0.3,0.62,0,0,0,1069.11,0.166,-1.795767491,728
B095,0.3,0.32,0.83,0.58,0.3,0.62,0,0,0,1069.11,0.016,-4.135166557,738
B096,0.41,0.34,0.93,0.6,0.33,0.6,0,0,0,1069.11,0.166,-1.795767491,699
B096,0.41,0.34,0.93,0.6,0.33,0.6,0,0,0,1069.11,0.016,-4.135166557,717
B097,0.48,0.47,0.87,0.7,0.35,0.64,0,0,0,1069.11,0.166,-1.795767491,687
B097,0.48,0.47,0.87,0.7,0.35,0.64,0,0,0,1069.11,0.016,-4.135166557,725
B100,0.36,0.32,0.63,1.23,0.34,1.15,0,0,0,1069.11,0.166,-1.795767491,715
B100,0.36,0.32,0.63,1.23,0.34,1.15,0,0,0,1069.11,0.016,-4.135166557,732
B101,0.16,0.22,0.74,1.14,0.17,1.59,0,0,0,1060.04,1.66,0.506817602,696
B101,0.16,0.22,0.74,1.14,0.17,1.59,0,0,0,1060.04,0.166,-1.795767491,732
B101,0.16,0.22,0.74,1.14,0.17,1.59,0,0,0,1060.04,0.016,-4.135166557,740
B102,0.16,0.26,0.31,1.78,0.33,1.73,0,0,0,1078.17,0.166,-1.795767491,698
B102,0.16,0.26,0.3,1.78,0.33,1.73,0,0,0,1078.17,0.016,-4.135166557,719
B103,0.36,0.31,0.7,1.74,0.37,1.62,0,0,0,1069.11,0.016,-4.135166557,687
B104,0.4,0.32,0.57,1.4,0.23,1.6,0,0,0,1069.11,0.016,-4.135166557,707
B105,0.4,0.32,0.57,1.4,0.47,1.6,0,0,0,1069.11,0.016,-4.135166557,707
B106,0.16,0.22,0.76,1.15,0.18,2.05,0,0,0,1050.97,1.66,0.506817602,677
B106,0.16,0.22,0.76,1.15,0.18,2.05,0,0,0,1050.97,0.166,-1.795767491,730
B106,0.16,0.22,0.75,1.15,0.18,2.05,0,0,0,1050.97,0.016,-4.135166557,744
B107,0.41,0.32,0.71,0.93,0.4,1.92,0,0,0,1069.11,0.166,-1.795767491,680
B107,0.41,0.32,0.71,0.93,0.4,1.92,0,0,0,1069.11,0.016,-4.135166557,700
B108,0.17,0.22,0.49,1.69,0.23,2.26,0,0,0,1050.97,0.166,-1.795767491,707
B108,0.17,0.22,0.49,1.69,0.23,2.26,0,0,0,1050.97,0.016,-4.135166557,720
B109,0.3,0.3,0.37,2.28,0.55,2.17,0,0,0,1069.11,0.166,-1.795767491,670
B109,0.3,0.3,0.37,2.28,0.55,2.17,0,0,0,1069.11,0.016,-4.135166557,703
B111,0.4,0.31,0.57,0.75,0.88,2.7,0,0,0,1050.97,0.016,-4.135166557,653
B112,0.31,0.3,0.49,1.19,0.42,3.2,0,0,0,1050.97,0.016,-4.135166557,638
B113,0.12,0.3,0.48,0.63,0.23,3.65,0,0,0,1078.17,0.016,-4.135166557,680
B113,0.12,0.3,0.48,0.63,0.23,3.65,0,0,0,1078.17,0.166,-1.795767491,670
B113,0.12,0.3,0.48,0.63,0.23,3.65,0,0,0,1078.17,1.66,0.506817602,640
B114,0.13,0.22,0.38,0.93,0.22,3.89,0,0,0,1041.88,1.66,0.506817602,633
B114,0.13,0.22,0.38,0.93,0.22,3.89,0,0,0,1041.88,0.166,-1.795767491,673
B114,0.13,0.22,0.38,0.93,0.22,3.89,0,0,0,1041.88,0.016,-4.135166557,680
B118,0.15,0.22,0.09,0.44,0,0,0,0,0,1114.33,16.6,2.809402695,767
B118,0.15,0.22,0.09,0.44,0,0,0,0,0,1114.33,1.66,0.506817602,815
B118,0.15,0.22,0.08,0.44,0,0,0,0,0,1114.33,0.166,-1.795767491,828
B118,0.15,0.22,0.07,0.44,0,0,0,0,0,1114.33,0.016,-4.135166557,838
B119,0.38,0.34,0.71,0.6,0,0,0,0,0,1050.97,1.66,0.506817602,690
B119,0.38,0.34,0.71,0.6,0,0,0,0,0,1050.97,0.166,-1.795767491,718
B119,0.38,0.34,0.71,0.6,0,0,0,0,0,1050.97,0.016,-4.135166557,727
B120,0.46,0.35,0.72,0.61,0,0,0,0,0,1050.97,1.66,0.506817602,677
B120,0.46,0.35,0.72,0.61,0,0,0,0,0,1050.97,0.166,-1.795767491,718
B120,0.46,0.35,0.72,0.61,0,0,0,0,0,1050.97,0.016,-4.135166557,731
B122,0.2,0.23,0.74,0.9,0,0,0,0,0,1114.33,16.6,2.809402695,718
B122,0.2,0.23,0.74,0.9,0,0,0,0,0,1114.33,1.66,0.506817602,779
B122,0.2,0.23,0.74,0.9,0,0,0,0,0,1114.33,0.166,-1.795767491,804
B122,0.2,0.23,0.74,0.9,0,0,0,0,0,1114.33,0.016,-4.135166557,815
B124,0.2,0.35,0.67,1.07,0,0,0,0,0,1114.33,16.6,2.809402695,680
B124,0.2,0.35,0.67,1.07,0,0,0,0,0,1114.33,1.66,0.506817602,737
B124,0.2,0.35,0.67,1.07,0,0,0,0,0,1114.33,0.166,-1.795767491,760
B124,0.2,0.35,0.67,1.07,0,0,0,0,0,1114.33,0.016,-4.135166557,770
B125,0.3,0.25,0.67,1.23,0,0,0,0,0,1078.17,1.66,0.506817602,713
B125,0.3,0.25,0.67,1.23,0,0,0,0,0,1078.17,0.166,-1.795767491,745
B125,0.3,0.25,0.67,1.23,0,0,0,0,0,1078.17,0.016,-4.135166557,755
B126,0.39,0.27,0.7,1.25,0,0,0,0,0,1087.22,1.66,0.506817602,670
B126,0.39,0.27,0.7,1.25,0,0,0,0,0,1087.22,0.166,-1.795767491,712
B126,0.39,0.27,0.7,1.25,0,0,0,0,0,1087.22,0.016,-4.135166557,718
B135,0.14,0.25,0.29,0.65,0.57,0,0,0,0,1132.36,1.66,0.506817602,768
B135,0.14,0.25,0.29,0.65,0.57,0,0,0,0,1132.36,0.166,-1.795767491,812
B135,0.14,0.25,0.28,0.65,0.57,0,0,0,0,1132.36,0.016,-4.135166557,832
B136,0.2,0.29,0.67,0.45,0.58,0,0,0,0,1114.33,16.6,2.809402695,740
B136,0.2,0.29,0.67,0.45,0.58,0,0,0,0,1114.33,1.66,0.506817602,772
B136,0.2,0.29,0.67,0.45,0.58,0,0,0,0,1114.33,0.166,-1.795767491,788
B136,0.2,0.29,0.66,0.45,0.58,0,0,0,0,1114.33,0.016,-4.135166557,795
B137,0.12,0.29,0.19,0.89,0.56,0.17,0,0,0,1168.34,1.66,0.506817602,798
B137,0.12,0.29,0.18,0.89,0.56,0.17,0,0,0,1168.34,0.166,-1.795767491,832
B137,0.12,0.29,0.17,0.89,0.56,0.17,0,0,0,1168.34,0.016,-4.135166557,842
B138,0.27,0.16,0.48,0.86,0.77,0.22,0,0,0,1091.74,1.66,0.506817602,710
B138,0.27,0.16,0.48,0.86,0.77,0.22,0,0,0,1091.74,0.166,-1.795767491,742
B138,0.27,0.16,0.48,0.86,0.77,0.22,0,0,0,1091.74,0.016,-4.135166557,760
B140,0.18,0.28,0.64,1.1,0.24,0,0,0,0,1078.17,1.66,0.506817602,725
B140,0.18,0.28,0.64,1.1,0.24,0,0,0,0,1078.17,0.166,-1.795767491,758
B140,0.18,0.28,0.64,1.1,0.24,0,0,0,0,1078.17,0.016,-4.135166557,778
B141,0.26,0.31,0.64,1.21,0.3,0,0,0,0,1069.11,1.66,0.506817602,680
B141,0.26,0.31,0.64,1.21,0.3,0,0,0,0,1069.11,0.166,-1.795767491,732
B141,0.26,0.31,0.64,1.21,0.3,0,0,0,0,1069.11,0.016,-4.135166557,745
B142,0.3,0.32,0.37,1.17,0.29,0,0,0,0,1069.11,1.66,0.506817602,719
B142,0.3,0.32,0.37,1.17,0.29,0,0,0,0,1069.11,0.166,-1.795767491,755
B142,0.3,0.32,0.37,1.17,0.29,0,0,0,0,1069.11,0.016,-4.135166557,760
B143,0.34,0.33,0.61,1.24,0.38,0,0,0,0,1069.11,1.66,0.506817602,681
B143,0.34,0.33,0.61,1.24,0.38,0,0,0,0,1069.11,0.166,-1.795767491,740
B143,0.34,0.33,0.61,1.24,0.38,0,0,0,0,1069.11,0.016,-4.135166557,756
B144,0.36,0.33,0.84,1.19,0.31,0,0,0,0,1069.11,1.66,0.506817602,670
B144,0.36,0.33,0.83,1.19,0.31,0,0,0,0,1069.11,0.166,-1.795767491,739
B144,0.36,0.33,0.83,1.19,0.31,0,0,0,0,1069.11,0.016,-4.135166557,753
B145,0.4,0.27,0.91,1.26,0.48,0,0,0,0,1087.22,0.166,-1.795767491,712
B145,0.4,0.27,0.91,1.26,0.48,0,0,0,0,1087.22,0.016,-4.135166557,740
B146,0.46,0.35,0.92,1.21,0.34,0,0,0,0,1069.11,0.166,-1.795767491,708
B146,0.46,0.35,0.92,1.21,0.34,0,0,0,0,1069.11,0.016,-4.135166557,730
B147,0.5,0.35,0.93,1.22,0.38,0,0,0,0,1069.11,0.166,-1.795767491,670
B147,0.5,0.35,0.92,1.22,0.38,0,0,0,0,1069.11,0.016,-4.135166557,712
B149,0.35,0.35,0.45,1.46,0.76,0.15,0,0,0,1078.17,0.016,-4.135166557,760
B150,0.37,0.33,0.9,1.37,0.31,0,0,0,0,1078.17,1.66,0.506817602,692
B150,0.37,0.33,0.9,1.37,0.31,0,0,0,0,1078.17,0.166,-1.795767491,746
B150,0.37,0.33,0.9,1.37,0.31,0,0,0,0,1078.17,0.016,-4.135166557,760
B151,0.42,0.34,0.91,1.38,0.32,0,0,0,0,1078.17,1.66,0.506817602,638
B151,0.42,0.34,0.91,1.38,0.32,0,0,0,0,1078.17,0.166,-1.795767491,720
B151,0.42,0.34,0.91,1.38,0.32,0,0,0,0,1078.17,0.016,-4.135166557,739
B153,0.2,0.26,0.28,3.33,0.56,0,0,0,0,1132.36,0.166,-1.795767491,780
B153,0.2,0.26,0.28,3.33,0.56,0,0,0,0,1132.36,0.016,-4.135166557,800
B154,0.28,0.29,0.34,3.48,0.64,0,0,0,0,1132.36,0.166,-1.795767491,760
B154,0.28,0.29,0.33,3.48,0.64,0,0,0,0,1132.36,0.016,-4.135166557,785
B155,0.32,0.3,0.43,3.48,0.52,0.32,0,0,0,1114.33,0.016,-4.135166557,740
B156,0.17,0.14,0.39,3.42,0.55,0,0,0,0,1114.33,0.016,-4.135166557,760
B157,0.26,0.16,0.46,3.61,0.65,0,0,0,0,1114.33,0.016,-4.135166557,740
B158,0.14,0.24,0.1,4.7,0.5,0.14,0,0,0,1132.36,0.166,-1.795767491,775
B158,0.14,0.24,0.08,4.7,0.5,0.14,0,0,0,1132.36,0.016,-4.135166557,800
B159,0.28,0.27,0.33,5.48,0.63,0,0,0,0,1132.36,0.166,-1.795767491,760
B159,0.28,0.27,0.32,5.48,0.63,0,0,0,0,1132.36,0.016,-4.135166557,795
CM01,0.37,0.44,0.5,0,0,0,0,0,0,1091.82,3.185,1.158452289,732
CM01,0.37,0.44,0.5,0,0,0,0,0,0,1091.82,0.144,-1.937941979,754
CM01,0.37,0.44,0.49,0,0,0,0,0,0,1091.82,0.008,-4.828313737,767
CM02,0.36,0.44,0.51,0,0,0,0,0,0,1091.82,3.15,1.147402453,724
CM02,0.36,0.44,0.51,0,0,0,0,0,0,1091.82,0.132,-2.024953356,756
CM02,0.36,0.44,0.5,0,0,0,0,0,0,1091.82,0.006,-5.11599581,767
CM03,0.36,0.44,0.51,0,0.32,0,0,0,0,1091.82,2.81,1.033184483,722
CM03,0.36,0.44,0.51,0,0.32,0,0,0,0,1091.82,0.136,-1.995100393,751
CM03,0.36,0.44,0.5,0,0.32,0,0,0,0,1091.82,0.007,-4.96184513,763
CM04,0.21,0.33,0.61,0,0,3.31,0,0,0,1021.85,2.701,0.993622075,654
CM04,0.21,0.33,0.61,0,0,3.31,0,0,0,1021.85,0.13,-2.040220829,672
CM04,0.21,0.33,0.61,0,0,3.31,0,0,0,1021.85,0.007,-4.96184513,679
CM05,0.2,0.35,0.6,0,0.34,3.27,0,0,0,1026.65,0.131,-2.032557956,659
CM05,0.2,0.35,0.6,0,0.34,3.27,0,0,0,1026.65,0.027,-3.611918413,667
CM05,0.2,0.35,0.6,0,0.34,3.27,0,0,0,1026.65,0.007,-4.96184513,669
CM06,0.21,0.31,0.57,0,0.7,3.33,0,0,0,1045.83,0.125,-2.079441542,623
CM06,0.21,0.31,0.57,0,0.7,3.33,0,0,0,1045.83,0.028,-3.575550769,653
CM06,0.21,0.31,0.57,0,0.7,3.33,0,0,0,1045.83,0.008,-4.828313737,672
CM07,0.36,0.42,0.95,0,0,0,0,0,0,1050.63,2.8,1.029619417,703
CM07,0.36,0.42,0.95,0,0,0,0,0,0,1050.63,0.122,-2.103734234,716
CM07,0.36,0.42,0.95,0,0,0,0,0,0,1050.63,0.007,-4.96184513,720
CM08,0.37,0.42,0.93,0,0.4,0.82,0,0,0,1050.63,0.299,-1.207311706,701
CM08,0.37,0.42,0.93,0,0.4,0.82,0,0,0,1050.63,0.096,-2.343407088,713
CM08,0.37,0.42,0.93,0,0.4,0.82,0,0,0,1050.63,0.018,-4.017383521,731
CM08,0.37,0.42,0.93,0,0.4,0.82,0,0,0,1050.63,0.004,-5.521460918,743
CM09,0.36,0.42,0.91,0,0.81,0.81,0,0,0,1045.83,0.138,-1.980501594,703
CM09,0.36,0.42,0.91,0,0.81,0.81,0,0,0,1045.83,0.03,-3.506557897,721
CM09,0.36,0.42,0.91,0,0.81,0.81,0,0,0,1045.83,0.008,-4.828313737,731
CM10,0.36,0.39,0.87,0,0.44,0.8,0,0,0,1088.95,0.145,-1.931021537,670
CM10,0.36,0.39,0.87,0,0.44,0.8,0,0,0,1088.95,0.032,-3.442019376,719
CM10,0.36,0.39,0.87,0,0.44,0.8,0,0,0,1088.95,0.008,-4.828313737,726
CM11,0.36,0.46,1.01,0,0,2.8,0,0,0,1012.25,2.827,1.039216079,641
CM11,0.36,0.46,1.01,0,0,2.8,0,0,0,1012.25,0.124,-2.087473713,661
CM11,0.36,0.46,1.01,0,0,2.8,0,0,0,1012.25,0.007,-4.96184513,674
CM12,0.36,0.47,0.99,0,0.4,2.77,0,0,0,1045.83,0.142,-1.951928221,634
CM12,0.36,0.47,0.99,0,0.4,2.77,0,0,0,1045.83,0.032,-3.442019376,658
CM12,0.36,0.47,0.99,0,0.4,2.77,0,0,0,1045.83,0.008,-4.828313737,667
CM14,0.35,0.46,0.94,0,0.47,2.77,0,0,0,1060.21,0.008,-4.828313737,644
CM15,0.36,0.52,0.98,0.41,0,0,0,0,0,1055.42,3.007,1.100942904,717
CM15,0.36,0.52,0.98,0.41,0,0,0,0,0,1055.42,0.141,-1.958995389,733
CM15,0.36,0.52,0.98,0.41,0,0,0,0,0,1055.42,0.008,-4.828313737,738
CM16,0.35,0.53,0.98,0.42,0.39,0,0,0,0,1098.52,0.41,-0.891598119,702
CM16,0.35,0.53,0.98,0.42,0.39,0,0,0,0,1098.52,0.152,-1.883874758,721
CM16,0.35,0.53,0.98,0.42,0.39,0,0,0,0,1098.52,0.035,-3.352407217,740
CM16,0.35,0.53,0.98,0.42,0.39,0,0,0,0,1098.52,0.009,-4.710530702,748
CM17,0.35,0.52,0.93,0.42,0.83,0,0,0,0,1069.8,0.132,-2.024953356,721
CM17,0.35,0.52,0.93,0.42,0.83,0,0,0,0,1069.8,0.028,-3.575550769,734
CM17,0.35,0.52,0.93,0.42,0.42,0,0,0,0,1069.8,0.006,-5.11599581,737
CM18,0.34,0.51,0.93,0.41,1.25,0,0,0,0,1074.59,0.134,-2.009915479,716
CM18,0.34,0.51,0.93,0.41,0.42,0,0,0,0,1074.59,0.031,-3.473768074,732
CM18,0.34,0.51,0.93,0.41,0.42,0,0,0,0,1074.59,0.009,-4.710530702,739
CM19,0.41,0.5,1.03,0.4,0,0,0,0,0,1041.04,2.926,1.073636303,703
CM19,0.41,0.5,1.03,0.4,0,0,0,0,0,1041.04,0.146,-1.924148657,711
CM19,0.41,0.5,1.03,0.4,0,0,0,0,0,1041.04,0.007,-4.96184513,715
CM20,0.4,0.5,1.04,0.41,0.43,0,0,0,0,1074.59,0.975,-0.025317808,681
CM20,0.4,0.5,1.04,0.41,0.43,0,0,0,0,1074.59,0.144,-1.937941979,695
CM20,0.4,0.5,1.04,0.41,0.43,0,0,0,0,1074.59,0.028,-3.575550769,700
CM20,0.4,0.5,1.04,0.41,0.43,0,0,0,0,1074.59,0.008,-4.828313737,703
CM21,0.41,0.49,1,0.42,0.84,0,0,0,0,1055.42,0.367,-1.002393431,687
CM21,0.41,0.49,1,0.42,0.84,0,0,0,0,1055.42,0.128,-2.055725015,699
CM21,0.41,0.49,1,0.42,0.84,0,0,0,0,1055.42,0.028,-3.575550769,708
CM21,0.41,0.49,1,0.42,0.43,0,0,0,0,1055.42,0.007,-4.96184513,717
CM22,0.41,0.48,1,0.43,1.32,0,0,0,0,1055.42,0.125,-2.079441542,701
CM22,0.41,0.48,1.01,0.43,0.41,0,0,0,0,1055.42,0.029,-3.540459449,714
CM22,0.41,0.48,1.01,0.43,0.42,0,0,0,0,1055.42,0.007,-4.96184513,724
CM23,0.36,0.48,0.92,1.81,0,0,0,0,0,1060.21,2.969,1.088225196,677
CM23,0.36,0.48,0.92,1.81,0,0,0,0,0,1060.21,0.127,-2.063568193,709
CM23,0.36,0.48,0.92,1.81,0,0,0,0,0,1060.21,0.007,-4.96184513,726
CM24,0.36,0.49,0.98,1.81,0.38,0,0,0,0,1050.63,0.142,-1.951928221,688
CM24,0.36,0.49,0.98,1.81,0.38,0,0,0,0,1050.63,0.03,-3.506557897,718
CM24,0.36,0.49,0.98,1.81,0.38,0,0,0,0,1050.63,0.007,-4.96184513,736
CM25,0.36,0.48,0.96,1.79,0.75,0,0,0,0,1074.59,0.15,-1.897119985,670
CM25,0.36,0.48,0.96,1.79,0.75,0,0,0,0,1074.59,0.033,-3.411247718,710
CM25,0.36,0.48,0.96,1.79,0.75,0,0,0,0,1074.59,0.008,-4.828313737,735
CM26,0.35,0.46,0.92,1.77,1.24,0,0,0,0,1079.37,0.15,-1.897119985,690
CM26,0.35,0.47,0.92,1.77,0.43,0,0,0,0,1079.37,0.033,-3.411247718,705
CM26,0.35,0.47,0.92,1.77,0.44,0,0,0,0,1079.37,0.008,-4.828313737,717
CM32,0.41,2.08,1.96,0,0,0,0,0,0,1108.09,3.106,1.133335725,692
CM32,0.41,2.08,1.96,0,0,0,0,0,0,1108.09,0.139,-1.973281346,725
CM32,0.41,2.08,1.95,0,0,0,0,0,0,1108.09,0.008,-4.828313737,744
CM33,0.41,2.08,1.93,0,0.62,0,0,0,0,1131.99,0.414,-0.881889305,701
CM33,0.41,2.08,1.93,0,0.61,0,0,0,0,1131.99,0.157,-1.851509474,715
CM33,0.41,2.07,1.93,0,0.61,0,0,0,0,1131.99,0.032,-3.442019376,731
CM33,0.41,2.07,1.93,0,0.31,0,0,0,0,1131.99,0.008,-4.828313737,741
CM34,0.4,2.07,1.92,0,0.31,0,0,0,0,1141.54,0.08,-2.525728644,700
CM34,0.4,2.07,1.92,0,0.31,0,0,0,0,1141.54,0.034,-3.381394754,714
CM34,0.4,2.06,1.91,0,0.32,0,0,0,0,1141.54,0.008,-4.828313737,727
CM35,0.4,2.06,1.88,0,0.32,0,0,0,0,1136.76,0.033,-3.411247718,714
CM35,0.4,2.05,1.88,0,0.33,0,0,0,0,1136.76,0.008,-4.828313737,739
CM36,0.12,0.36,0.85,0.8,0,1.61,0,0,0,1078.11,3.067,1.120699885,720
CM36,0.12,0.36,0.85,0.8,0,1.61,0,0,0,1078.11,0.141,-1.958995389,742
CM36,0.12,0.36,0.85,0.8,0,1.61,0,0,0,1078.11,0.007,-4.96184513,745
CM37,0.12,0.34,0.84,0.81,0.19,1.59,0,0,0,1087.5,0.997,-0.003004509,693
CM37,0.12,0.34,0.84,0.81,0.19,1.59,0,0,0,1087.5,0.139,-1.973281346,723
CM37,0.12,0.34,0.84,0.81,0.19,1.59,0,0,0,1087.5,0.007,-4.96184513,734
CM38,0.12,0.33,0.8,0.8,0.43,1.56,0,0,0,1087.5,0.374,-0.983499482,693
CM38,0.12,0.33,0.8,0.8,0.43,1.56,0,0,0,1087.5,0.141,-1.958995389,706
CM38,0.12,0.33,0.8,0.8,0.43,1.56,0,0,0,1087.5,0.03,-3.506557897,722
CM38,0.12,0.33,0.8,0.8,0.43,1.56,0,0,0,1087.5,0.007,-4.96184513,723
CM39,0.4,0.53,0.85,0.89,0.05,0.84,0,0,0,1060.21,2.928,1.074319596,667
CM39,0.4,0.53,0.85,0.89,0.05,0.84,0,0,0,1060.21,0.125,-2.079441542,715
CM39,0.4,0.53,0.85,0.89,0.05,0.84,0,0,0,1060.21,0.006,-5.11599581,736
CM40,0.4,0.53,0.9,0.89,0.44,0.84,0,0,0,1060.21,0.959,-0.041864204,665
CM40,0.4,0.53,0.9,0.89,0.44,0.84,0,0,0,1060.21,0.146,-1.924148657,682
CM40,0.4,0.53,0.9,0.89,0.44,0.84,0,0,0,1060.21,0.008,-4.828313737,700
CM41,0.4,0.53,0.82,0.89,0.82,0.83,0,0,0,1050.63,0.138,-1.980501594,680
CM41,0.4,0.53,0.82,0.89,0.82,0.83,0,0,0,1050.63,0.031,-3.473768074,697
CM41,0.4,0.53,0.82,0.89,0.82,0.83,0,0,0,1050.63,0.007,-4.96184513,712
CM42,0.38,0.42,0.99,0.86,0,1.57,0,0,0,1069.8,3.106,1.133335725,638
CM42,0.38,0.42,0.98,0.86,0,1.57,0,0,0,1069.8,0.143,-1.944910649,683
CM42,0.38,0.42,0.98,0.86,0,1.57,0,0,0,1069.8,0.008,-4.828313737,705
CM43,0.38,0.45,0.99,0.85,0.39,1.56,0,0,0,1079.37,0.143,-1.944910649,656
CM43,0.38,0.45,0.99,0.85,0.39,1.56,0,0,0,1079.37,0.03,-3.506557897,692
CM43,0.38,0.45,0.99,0.85,0.39,1.56,0,0,0,1079.37,0.007,-4.96184513,704
CM44,0.38,0.44,0.98,0.86,0.77,1.57,0,0,0,1069.8,0.031,-3.473768074,686
CM44,0.38,0.44,0.97,0.86,0.77,1.57,0,0,0,1069.8,0.007,-4.96184513,705
CM45,0.38,0.44,0.95,0.88,0.46,1.57,0,0,0,1079.37,0.008,-4.828313737,699
CM46,0.4,0.46,0.83,0.86,0.05,2.71,0,0,0,1041.04,0.347,-1.058430499,649
CM46,0.4,0.46,0.83,0.86,0.05,2.71,0,0,0,1041.04,0.126,-2.071473372,661
CM46,0.4,0.46,0.83,0.86,0.05,2.71,0,0,0,1041.04,0.029,-3.540459449,675
CM46,0.4,0.46,0.83,0.86,0.05,2.71,0,0,0,1041.04,0.007,-4.96184513,682
CM47,0.4,0.47,0.82,0.87,0.38,2.7,0,0,0,1041.04,0.036,-3.324236341,646
CM47,0.4,0.47,0.82,0.87,0.38,2.7,0,0,0,1041.04,0.008,-4.828313737,679
CM48,0.39,0.44,0.82,0.87,0.78,2.63,0,0,0,1041.04,0.007,-4.96184513,655
CM49,0.41,0.37,0.85,0.88,0.05,3.78,0,0,0,1026.65,0.133,-2.017406151,601
CM49,0.41,0.37,0.85,0.88,0.05,3.78,0,0,0,1026.65,0.028,-3.575550769,635
CM49,0.41,0.37,0.85,0.88,0.05,3.78,0,0,0,1026.65,0.008,-4.828313737,649
CM50,0.41,0.38,0.85,0.88,0.38,3.77,0,0,0,1021.85,0.008,-4.828313737,611
CM51,0.4,0.37,0.83,0.88,0.77,3.73,0,0,0,1017.05,0.007,-4.96184513,627
CM52,0.41,2,1.91,0.9,0,0,0,0,0,1093.73,0.968,-0.032523192,670
CM52,0.41,2,1.91,0.9,0,0,0,0,0,1093.73,0.143,-1.944910649,704
CM52,0.41,2,1.91,0.9,0,0,0,0,0,1093.73,0.008,-4.828313737,733
CM53,0.4,2.01,1.88,0.91,0.54,0,0,0,0,1098.52,0.15,-1.897119985,664
CM53,0.4,2.01,1.88,0.91,0.54,0,0,0,0,1098.52,0.032,-3.442019376,689
CM53,0.4,2.01,1.88,0.91,0.54,0,0,0,0,1098.52,0.008,-4.828313737,699
CM54,0.39,1.98,1.86,0.89,0.32,0,0,0,0,1131.99,0.033,-3.411247718,687
CM54,0.39,1.97,1.85,0.89,0.32,0,0,0,0,1131.99,0.008,-4.828313737,717
CM55,0.39,1.97,1.83,0.88,0.33,0,0,0,0,1103.3,0.034,-3.381394754,691
CM55,0.39,1.96,1.83,0.88,0.33,0,0,0,0,1103.3,0.008,-4.828313737,711
CM56,0.41,1.82,1.83,0.92,0.06,1.28,0,0,0,1079.37,0.146,-1.924148657,652
CM56,0.41,1.82,1.83,0.92,0.06,1.28,0,0,0,1079.37,0.032,-3.442019376,682
CM56,0.41,1.82,1.83,0.92,0.06,1.28,0,0,0,1079.37,0.008,-4.828313737,696
CM57,0.41,1.81,1.81,0.92,0.51,1.25,0,0,0,1088.95,0.033,-3.411247718,630
CM57,0.41,1.81,1.81,0.92,0.51,1.25,0,0,0,1088.95,0.008,-4.828313737,665
CM58,0.4,1.76,1.79,0.9,0.34,1.23,0,0,0,1084.16,0.032,-3.442019376,620
CM58,0.4,1.76,1.79,0.9,0.35,1.23,0,0,0,1084.16,0.008,-4.828313737,635
CM59,0.4,1.78,1.77,0.89,0.35,1.19,0,0,0,1084.16,0.033,-3.411247718,645
CM59,0.4,1.77,1.77,0.89,0.35,1.19,0,0,0,1084.16,0.008,-4.828313737,672
CM60,0.37,0.47,1.01,0,0,1.57,0,0,0,1050.63,3.006,1.100610291,670
CM60,0.37,0.47,1.01,0,0,1.57,0,0,0,1050.63,0.128,-2.055725015,697
CM60,0.37,0.47,1.01,0,0,1.57,0,0,0,1050.63,0.007,-4.96184513,706
CM61,0.37,0.48,1.01,0,0.4,1.57,0,0,0,1050.63,0.135,-2.002480501,672
CM61,0.37,0.48,1.01,0,0.4,1.57,0,0,0,1050.63,0.029,-3.540459449,682
CM61,0.37,0.48,1.01,0,0.4,1.57,0,0,0,1050.63,0.007,-4.96184513,685
CM62,0.37,0.47,1,0,0.78,1.52,0,0,0,1045.83,0.149,-1.903808973,672
CM62,0.37,0.47,1,0,0.78,1.52,0,0,0,1045.83,0.032,-3.442019376,693
CM62,0.37,0.47,1,0,0.78,1.52,0,0,0,1045.83,0.008,-4.828313737,698
CM63,0.36,0.46,0.97,0,0.44,1.54,0,0,0,1069.8,0.031,-3.473768074,683
CM63,0.36,0.46,0.97,0,0.45,1.54,0,0,0,1069.8,0.008,-4.828313737,700
CM64,0.37,0.5,0.99,0.88,0,0,0,0,0,1069.8,3.02,1.105256831,719
CM64,0.37,0.5,0.99,0.88,0,0,0,0,0,1069.8,0.159,-1.838851077,732
CM64,0.37,0.5,0.99,0.88,0,0,0,0,0,1069.8,0.009,-4.710530702,738
CM65,0.37,0.52,1,0.87,0.42,0,0,0,0,1060.21,0.382,-0.96233467,706
CM65,0.37,0.52,1,0.87,0.42,0,0,0,0,1060.21,0.143,-1.944910649,721
CM65,0.37,0.52,1,0.87,0.42,0,0,0,0,1060.21,0.031,-3.473768074,734
CM65,0.37,0.52,0.99,0.87,0.42,0,0,0,0,1060.21,0.008,-4.828313737,735
CM66,0.37,0.5,0.98,0.89,0.95,0,0,0,0,1055.42,0.361,-1.018877321,706
CM66,0.37,0.5,0.98,0.89,0.95,0,0,0,0,1055.42,0.119,-2.128631786,732
CM66,0.37,0.5,0.98,0.89,0.8,0,0,0,0,1055.42,0.029,-3.540459449,738
CM66,0.37,0.5,0.98,0.89,0.42,0,0,0,0,1055.42,0.008,-4.828313737,741
CM67,0.37,0.51,0.95,0.88,1.26,0,0,0,0,1045.83,0.354,-1.038458366,685
CM67,0.37,0.51,0.95,0.88,1.26,0,0,0,0,1045.83,0.141,-1.958995389,705
CM67,0.37,0.51,0.95,0.88,1.26,0,0,0,0,1045.83,0.03,-3.506557897,715
CM67,0.37,0.51,0.95,0.88,1.26,0,0,0,0,1045.83,0.008,-4.828313737,720
CM68,0.38,0.55,1.87,0.92,0,0,0,0,0,1074.59,1,0,700
CM68,0.38,0.55,1.87,0.92,0,0,0,0,0,1074.59,0.14,-1.966112856,705
CM68,0.38,0.55,1.87,0.92,0,0,0,0,0,1074.59,0.007,-4.96184513,710
CM69,0.37,0.56,1.86,0.92,0.41,0,0,0,0,1084.16,0.151,-1.890475442,674
CM69,0.37,0.56,1.86,0.92,0.41,0,0,0,0,1084.16,0.032,-3.442019376,692
CM69,0.37,0.56,1.86,0.92,0.41,0,0,0,0,1084.16,0.008,-4.828313737,700
CM70,0.36,0.56,1.83,0.9,0.81,0,0,0,0,1074.59,0.136,-1.995100393,669
CM70,0.36,0.56,1.83,0.9,0.81,0,0,0,0,1074.59,0.028,-3.575550769,714
CM70,0.36,0.56,1.83,0.9,0.41,0,0,0,0,1074.59,0.007,-4.96184513,721
CM71,0.36,0.57,1.82,0.89,0.41,0,0,0,0,1079.37,0.031,-3.473768074,685
CM71,0.36,0.57,1.82,0.89,0.41,0,0,0,0,1079.37,0.007,-4.96184513,702
CM72,0.1,0.26,0.51,0,0.45,0,0,0,0,1148.34,3.433,1.233434514,783
CM72,0.1,0.26,0.5,0,0.45,0,0,0,0,1148.34,0.153,-1.877317358,812
CM72,0.1,0.26,0.49,0,0.45,0,0,0,0,1148.34,0.008,-4.828313737,823
CM97,0.09,0.26,0.52,0,0.23,0,0,0,0,1153.01,12.5,2.525728644,787
CM97,0.09,0.26,0.51,0,0.23,0,0,0,0,1153.01,0.567,-0.567395975,816
CM99,0.1,0.26,0.51,0,0.45,0,0,0,0,1176.35,4.213,1.438174983,783
CM99,0.1,0.26,0.5,0,0.45,0,0,0,0,1176.35,0.198,-1.619488248,812
CM99,0.1,0.26,0.49,0,0.45,0,0,0,0,1176.35,0.011,-4.509860006,823
MR01,0.15,0.13,0.34,0.26,0.35,0.13,0,0.19,0,1101.74,1.2,0.182321557,775
MR01,0.15,0.13,0.33,0.26,0.35,0.13,0,0.19,0,1101.74,0.15,-1.897119985,790
MR01,0.15,0.13,0.33,0.26,0.35,0.13,0,0.19,0,1101.74,0.044,-3.123565645,805
MR02,0.17,0.28,0.57,1.27,0.27,0.09,0,0,0,1139.53,1.25,0.223143551,730
MR02,0.17,0.28,0.56,1.27,0.27,0.09,0,0,0,1139.53,0.15,-1.897119985,745
MR02,0.17,0.28,0.56,1.27,0.27,0.09,0,0,0,1139.53,0.04,-3.218875825,755
MR03,0.17,0.35,1.06,0,0.05,0.17,0,0.26,0,1120.64,1.2,0.182321557,745
MR03,0.17,0.35,1.06,0,0.05,0.17,0,0.26,0,1120.64,0.13,-2.040220829,765
MR03,0.17,0.35,1.06,0,0.05,0.17,0,0.26,0,1120.64,0.049,-3.015934981,775
MR04,0.17,0.24,0.38,1.49,0.07,3.7,0,0.33,0,1101.74,0.15,-1.897119985,660
MR04,0.17,0.24,0.38,1.49,0.07,3.7,0,0.33,0,1101.74,0.07,-2.659260037,670
MR04,0.17,0.24,0.38,1.49,0.07,3.7,0,0.33,0,1101.74,0.04,-3.218875825,675
MR05,0.22,0.25,0.81,0.45,0.25,0.86,0.04,0.32,0,1120.64,4.5,1.504077397,705
MR05,0.22,0.25,0.81,0.45,0.25,0.86,0.04,0.32,0,1120.64,1.2,0.182321557,720
MR05,0.22,0.25,0.81,0.45,0.25,0.86,0.04,0.32,0,1120.64,0.15,-1.897119985,740
MR05,0.22,0.25,0.8,0.45,0.25,0.86,0.04,0.32,0,1120.64,0.04,-3.218875825,760
MR06,0.21,0.21,1.47,0.61,0.69,1.1,0.03,0.27,0,1120.64,0.15,-1.897119985,705
MR06,0.21,0.21,1.47,0.61,0.69,1.1,0.03,0.27,0,1120.64,0.092,-2.385966702,712
MR06,0.21,0.21,1.47,0.61,0.69,1.1,0.03,0.27,0,1120.64,0.046,-3.079113882,720
MR07,0.27,0.86,1.65,0.12,0,0,0,0,0,1186.66,1.6,0.470003629,715
MR07,0.27,0.86,1.64,0.12,0,0,0,0,0,1186.66,0.125,-2.079441542,745
MR07,0.27,0.86,1.64,0.12,0,0,0,0,0,1186.66,0.017,-4.074541935,760
MR08,0.35,0.6,2.2,0.26,0.07,0.14,0,0.3,0,1082.82,2.3,0.832909123,675
MR08,0.35,0.6,2.2,0.26,0.07,0.14,0,0.3,0,1082.82,1,0,685
MR08,0.35,0.6,2.2,0.26,0.07,0.14,0,0.3,0,1082.82,0.16,-1.832581464,690
MR09,0.36,0.44,0.46,0.66,0.05,0.17,0,0.23,0,1101.74,2.2,0.78845736,705
MR09,0.36,0.44,0.46,0.66,0.05,0.17,0,0.23,0,1101.74,1.1,0.09531018,720
MR09,0.36,0.44,0.46,0.66,0.05,0.17,0,0.23,0,1101.74,0.15,-1.897119985,745
MR09,0.36,0.44,0.46,0.66,0.05,0.17,0,0.23,0,1101.74,0.03,-3.506557897,760
MR10,0.36,1.59,1.06,1.44,0.05,0.16,0,0.18,0,1139.53,1.15,0.139761942,700
MR10,0.36,1.59,1.06,1.44,0.05,0.16,0,0.18,0,1139.53,0.15,-1.897119985,730
MR10,0.36,1.59,1.06,1.44,0.05,0.16,0,0.18,0,1139.53,0.043,-3.146555163,735
MR12,0.63,2.28,1.09,0.35,0.08,0.1,0,0.17,0,1092.28,2.3,0.832909123,660
MR12,0.63,2.28,1.09,0.35,0.08,0.1,0,0.17,0,1092.28,1.1,0.09531018,675
MR12,0.63,2.28,1.09,0.35,0.08,0.1,0,0.17,0,1092.28,0.15,-1.897119985,700
MR12,0.63,2.28,1.09,0.35,0.08,0.1,0,0.17,0,1092.28,0.043,-3.146555163,715
MR15,0.45,0.33,0.59,0.21,0,0.07,0,0.31,0,1082.82,2.1,0.741937345,700
MR15,0.45,0.33,0.59,0.21,0,0.07,0,0.31,0,1082.82,1.1,0.09531018,710
MR15,0.45,0.33,0.59,0.21,0,0.07,0,0.31,0,1082.82,0.14,-1.966112856,735
MR15,0.45,0.33,0.59,0.21,0,0.07,0,0.31,0,1082.82,0.042,-3.170085661,740
MR16,0.29,0.45,0.72,1.15,0.3,0.21,0,0.27,0,1101.74,1,0,720
MR16,0.29,0.45,0.72,1.15,0.3,0.21,0,0.27,0,1101.74,0.15,-1.897119985,745
MR16,0.29,0.45,0.71,1.15,0.3,0.21,0,0.27,0,1101.74,0.03,-3.506557897,760
MR17,0.34,0.5,0.74,1.12,0.32,0.15,0,0.22,0,1092.28,2.4,0.875468737,705
MR17,0.34,0.5,0.74,1.12,0.32,0.15,0,0.22,0,1092.28,1,0,720
MR17,0.34,0.5,0.73,1.12,0.32,0.15,0,0.22,0,1092.28,0.16,-1.832581464,740
MR17,0.34,0.5,0.73,1.12,0.32,0.15,0,0.22,0,1092.28,0.03,-3.506557897,750
MR18,0.19,0.24,0.38,1.5,0.29,4.37,0,0.33,0,1101.74,0.15,-1.897119985,655
MR18,0.19,0.24,0.38,1.5,0.29,4.37,0,0.33,0,1101.74,0.07,-2.659260037,665
MR18,0.19,0.24,0.38,1.5,0.29,4.37,0,0.33,0,1101.74,0.014,-4.268697949,665
MR19,0.26,0.31,0.61,1.44,0.24,3.02,0,0.11,0,1082.82,0.045,-3.101092789,695
MR20,0.18,0.24,0.14,1.71,0.33,1.66,0,0.17,0,1111.19,1,0,690
MR20,0.18,0.24,0.14,1.71,0.33,1.66,0,0.17,0,1111.19,0.18,-1.714798428,710
MR20,0.18,0.24,0.13,1.71,0.33,1.66,0,0.17,0,1111.19,0.045,-3.101092789,720
MR21,0.19,0.24,0.19,0.89,0.06,0.2,0,0.27,0,1120.64,8.4,2.128231706,750
MR21,0.19,0.24,0.19,0.89,0.06,0.2,0,0.27,0,1120.64,1.2,0.182321557,780
MR21,0.19,0.24,0.18,0.89,0.06,0.2,0,0.27,0,1120.64,0.16,-1.832581464,790
MR22,0.21,0.35,1.18,1.42,0.28,0.2,0,0.28,0,1101.74,1.2,0.182321557,705
MR22,0.21,0.35,1.18,1.42,0.28,0.2,0,0.28,0,1101.74,0.15,-1.897119985,725
MR22,0.21,0.35,1.18,1.42,0.28,0.2,0,0.28,0,1101.74,0.03,-3.506557897,740
MR23,0.14,0.23,0.37,1.63,0.06,1.73,0,0.22,0,1082.82,1.1,0.09531018,690
MR23,0.14,0.23,0.37,1.63,0.06,1.73,0,0.22,0,1082.82,0.15,-1.897119985,710
MR23,0.14,0.23,0.37,1.63,0.06,1.73,0,0.22,0,1082.82,0.06,-2.813410717,720
MR24,0.15,0.36,0.19,2.21,0.06,2.13,0,0.27,0,1092.92,2.4,0.875468737,690
MR24,0.15,0.36,0.19,2.21,0.06,2.13,0,0.27,0,1092.92,0.11,-2.207274913,715
MR24,0.15,0.36,0.18,2.21,0.06,2.13,0,0.27,0,1092.92,0.06,-2.813410717,725
MR26,0.22,0.42,1.34,0.25,0,0.17,0,0.2,0,1139.37,7.8,2.054123734,700
MR26,0.22,0.42,1.34,0.25,0,0.17,0,0.2,0,1139.37,2.5,0.916290732,730
MR26,0.22,0.42,1.33,0.25,0,0.17,0,0.2,0,1139.37,0.17,-1.771956842,755
MR26,0.22,0.42,1.33,0.25,0,0.17,0,0.2,0,1139.37,0.05,-2.995732274,765
MR27,0.24,0.52,1.96,0.25,0.04,0.17,0,0.25,0,1139.53,8,2.079441542,655
MR27,0.24,0.52,1.96,0.25,0.04,0.17,0,0.25,0,1139.53,1.2,0.182321557,685
MR27,0.24,0.52,1.96,0.25,0.04,0.17,0,0.25,0,1139.53,0.13,-2.040220829,710
MR29,0.29,0.45,1.81,0.74,0.7,0.48,0,0.23,0,1101.74,0.14,-1.966112856,700
MR29,0.29,0.45,1.81,0.74,0.7,0.48,0,0.23,0,1101.74,0.044,-3.123565645,710
MR31,0.27,0.44,1.06,2.08,0.42,1.32,0.05,0.24,0,1092.28,0.064,-2.748872196,675
MR31,0.27,0.44,1.06,2.08,0.42,1.32,0.05,0.24,0,1092.28,0.032,-3.442019376,685
MR32,0.2,0.54,1.77,0.11,0,1.65,0,1.85,0,1082.82,10.9,2.388762789,634
MR32,0.2,0.54,1.77,0.11,0,1.65,0,1.85,0,1082.82,1.13,0.122217633,656
MR32,0.2,0.54,1.77,0.11,0,1.65,0,1.85,0,1082.82,0.048,-3.036554268,677
MR34,0.86,0.27,0.06,0.1,0,0,0,0.25,0,1046.32,7.75,2.047692843,675
MR34,0.86,0.27,0.06,0.1,0,0,0,0.25,0,1046.32,1.12,0.113328685,690
MR34,0.86,0.27,0.06,0.1,0,0,0,0.25,0,1046.32,0.12,-2.120263536,705
MR34,0.86,0.27,0.06,0.1,0,0,0,0.25,0,1046.32,0.03,-3.506557897,710
MR38,0.67,1.77,0.43,0.6,0.19,0.4,0,0.26,0,1082.82,1.1,0.09531018,675
MR38,0.67,1.77,0.43,0.6,0.19,0.4,0,0.26,0,1082.82,0.15,-1.897119985,705
MR38,0.67,1.77,0.43,0.6,0.19,0.4,0,0.26,0,1082.82,0.04,-3.218875825,710
MR39,0.33,0.23,0.46,1.82,0.23,1.03,0.92,0.28,0,1111.19,1.2,0.182321557,730
MR39,0.33,0.23,0.46,1.82,0.23,1.03,0.92,0.28,0,1111.19,0.17,-1.771956842,750
MR39,0.33,0.23,0.46,1.82,0.23,1.03,0.92,0.28,0,1111.19,0.07,-2.659260037,760
MR40,0.41,0.32,1.01,1.9,0.4,0.16,1.12,0.3,0,1139.53,0.083,-2.488914671,750
MR40,0.41,0.32,1.01,1.9,0.4,0.16,1.12,0.3,0,1139.53,0.04,-3.218875825,760
MR41,0.37,0.2,0,2.08,0.31,0.23,0.94,0.27,0,1139.53,0.14,-1.966112856,730
MR41,0.37,0.2,0,2.08,0.31,0.23,0.94,0.27,0,1139.53,0.063,-2.764620553,750
MR41,0.37,0.2,0,2.08,0.31,0.23,0.94,0.27,0,1139.53,0.04,-3.218875825,760
MR42,0.4,0.25,0.43,1.83,0.29,0.25,0.85,0.32,0,1148.96,0.095,-2.353878387,755
MR42,0.4,0.25,0.43,1.83,0.29,0.25,0.85,0.32,0,1148.96,0.045,-3.101092789,775
MR43,0.18,0.3,1.61,0.39,0.52,1.27,0,0.23,0,1120.64,0.15,-1.897119985,685
MR43,0.18,0.3,1.61,0.39,0.52,1.27,0,0.23,0,1120.64,0.083,-2.488914671,700
MR43,0.18,0.3,1.61,0.39,0.52,1.27,0,0.23,0,1120.64,0.015,-4.199705078,710
MR45,0.15,0.24,0.06,0.07,0,0,0,0.17,0,1120.64,80,4.382026635,730
MR45,0.15,0.24,0.06,0.07,0,0,0,0.17,0,1120.64,15,2.708050201,765
MR45,0.15,0.24,0.05,0.07,0,0,0,0.17,0,1120.64,1.6,0.470003629,800
MR47,0.42,0.34,0.7,1.28,0.05,0.16,0.03,0.43,0,1092.28,1.12,0.113328685,690
MR47,0.42,0.34,0.7,1.28,0.05,0.16,0.03,0.43,0,1092.28,0.14,-1.966112856,700
MR47,0.42,0.34,0.7,1.28,0.05,0.16,0.03,0.43,0,1092.28,0.075,-2.590267165,710
MR47,0.42,0.34,0.7,1.28,0.05,0.16,0.03,0.43,0,1092.28,0.037,-3.296837366,720
MR48,0.42,0.34,0.72,1.27,0.05,0.16,0.03,0.43,0,1252.45,1.5,0.405465108,665
MR48,0.42,0.34,0.73,1.27,0.05,0.16,0.03,0.43,0,1252.45,0.17,-1.771956842,685
MR48,0.42,0.34,0.73,1.27,0.05,0.16,0.03,0.43,0,1252.45,0.089,-2.419118909,700
MR48,0.42,0.33,0.73,1.27,0.05,0.16,0.03,0.43,0,1252.45,0.044,-3.123565645,715
MR49,0.25,0.42,0.79,1.2,0.31,0,0,0,0,1101.74,1.2,0.182321557,720
MR49,0.25,0.42,0.79,1.2,0.31,0,0,0,0,1101.74,0.15,-1.897119985,740
MR49,0.25,0.42,0.79,1.2,0.31,0,0,0,0,1101.74,0.04,-3.218875825,750
MR50,0.4,0.32,0.49,1.28,0.36,0.16,0,0.22,0,1257.14,0.17,-1.771956842,685
MR50,0.4,0.32,0.49,1.27,0.36,0.16,0,0.22,0,1257.14,0.089,-2.419118909,700
MR50,0.4,0.32,0.5,1.27,0.36,0.16,0,0.22,0,1257.14,0.044,-3.123565645,715
MR51,0.51,0.47,0.5,1.27,0.35,0.16,0.03,0.28,0,1101.74,0.15,-1.897119985,710
MR51,0.51,0.47,0.5,1.27,0.35,0.16,0.03,0.28,0,1101.74,0.075,-2.590267165,720
MR51,0.51,0.47,0.5,1.27,0.35,0.16,0.03,0.28,0,1101.74,0.037,-3.296837366,725
MR54,0.33,0.34,0.52,1.24,0.36,1.1,0,0.25,0,1083.61,0.15,-1.897119985,705
MR54,0.33,0.34,0.52,1.24,0.36,1.1,0,0.25,0,1083.61,0.07,-2.659260037,710
MR54,0.33,0.34,0.51,1.24,0.36,1.1,0,0.25,0,1083.61,0.03,-3.506557897,715
MR56,0.42,0.43,1.01,0.18,0,0.06,0,0.18,0,1092.28,8,2.079441542,675
MR56,0.42,0.43,1.01,0.18,0,0.06,0,0.18,0,1092.28,2.4,0.875468737,705
MR56,0.42,0.43,1,0.18,0,0.06,0,0.18,0,1092.28,0.15,-1.897119985,735
MR56,0.42,0.42,1,0.18,0,0.06,0,0.18,0,1092.28,0.03,-3.506557897,740
MR57,0.47,2.3,0.7,0.25,0.1,0.09,0,0.35,0,1120.64,7.5,2.014903021,685
MR57,0.47,2.3,0.69,0.25,0.1,0.09,0,0.35,0,1120.64,1.1,0.09531018,720
MR57,0.47,2.3,0.69,0.25,0.1,0.09,0,0.35,0,1120.64,0.15,-1.897119985,740
MR57,0.47,2.29,0.69,0.25,0.1,0.09,0,0.35,0,1120.64,0.03,-3.506557897,760
MR59,0.56,0.45,1.02,1.42,0.37,0.11,0,0.31,0,1092.28,0.15,-1.897119985,665
MR59,0.56,0.45,1.02,1.42,0.37,0.11,0,0.31,0,1092.28,0.09,-2.407945609,675
MR59,0.56,0.45,1.02,1.42,0.37,0.11,0,0.31,0,1092.28,0.042,-3.170085661,680
MR60,0.49,0.28,0.71,1.18,0.3,0.15,0,0.31,0,1092.28,0.14,-1.966112856,690
MR60,0.49,0.28,0.71,1.18,0.3,0.15,0,0.31,0,1092.28,0.092,-2.385966702,700
MR60,0.49,0.28,0.71,1.18,0.3,0.15,0,0.31,0,1092.28,0.046,-3.079113882,705
OKru1,0.34,0.43,0.69,1.35,0.29,0,0.73,0,0,1157.92,1.293,0.2569651,721
OKru1,0.34,0.43,0.69,1.35,0.29,0,0.74,0,0,1157.92,0.186,-1.682008605,750
OKru1,0.34,0.43,0.68,1.35,0.28,0,0.74,0,0,1157.92,0.059,-2.830217835,770
OKru2,0.34,0.3,0.55,1.88,0.27,1.09,0.74,0,0,1130.1,0.53,-0.634878272,732
OKru2,0.34,0.3,0.55,1.88,0.27,1.09,0.74,0,0,1130.1,0.101,-2.292634762,748
OKru2,0.34,0.3,0.55,1.88,0.27,1.09,0.75,0,0,1130.1,0.042,-3.170085661,753
OKru3,0.34,0.3,0.81,1.74,0,0,0.74,0,0,1176.43,2.4,0.875468737,713
OKru3,0.34,0.3,0.81,1.74,0,0,0.74,0,0,1176.43,0.613,-0.489390343,749
OKru3,0.34,0.3,0.81,1.74,0,0,0.75,0,0,1176.43,0.1,-2.302585093,798
OKru4,0.12,0.27,0.39,0,0,4.01,0,0,0,1074.3,18.651,2.925899764,663
OKru4,0.12,0.27,0.39,0,0,4.01,0,0,0,1074.3,2.877,1.056748085,682
OKru4,0.12,0.27,0.39,0,0,4.01,0,0,0,1074.3,0.308,-1.177655496,688
OSaa1,0.37,1.7,1.68,0,0,0,0,0,0,1092.92,8.525,2.143003023,686
OSaa1,0.37,1.7,1.68,0,0,0,0,0,0,1092.92,0.369,-0.996958635,727
OSaa1,0.37,1.7,1.68,0,0,0,0,0,0,1092.92,0.026,-3.649658741,751
OSaa2,0.46,2.45,0.9,0,0,0,0,0,0,1092.92,19.62,2.976549454,692
OSaa2,0.46,2.45,0.9,0,0,0,0,0,0,1092.92,8.42,2.130609828,723
OSaa2,0.46,2.45,0.9,0,0,0,0,0,0,1092.92,0.755,-0.28103753,763
OSaa3,0.51,2.42,0.9,0,0,0,0,0,0,1092.92,7.87,2.063058062,692
OSaa3,0.51,2.42,0.9,0,0,0,0,0,0,1092.92,1.518,0.417393679,720
OSaa3,0.51,2.41,0.9,0,0,0,0,0,0,1092.92,0.076,-2.577021939,756
OSaa4,0.58,2.44,1.05,0,0,0,0,0,0,1092.92,9.496,2.250870657,681
OSaa4,0.58,2.44,1.05,0,0,0,0,0,0,1092.92,3.021,1.105587902,697
OSaa4,0.58,2.44,1.05,0,0,0,0,0,0,1092.92,0.545,-0.606969484,714
OLo01,0.08,0.35,1.33,0.07,0,0.29,0.03,0.24,0,1337.57,3,1.098612289,760
OLo01,0.08,0.35,1.33,0.07,0,0.29,0.03,0.24,0,1337.57,0.3,-1.203972804,780
OLo04,0.1,0.38,1.44,0.05,0.24,0.56,0.04,0.28,0,1337.57,3,1.098612289,750
OLo04,0.1,0.38,1.44,0.05,0.24,0.56,0.04,0.28,0,1337.57,0.3,-1.203972804,760
OLo08,0.17,0.67,0.91,0.8,0.37,0.05,0.04,0.05,0,1337.57,3,1.098612289,755
OLo08,0.17,0.67,0.91,0.8,0.37,0.05,0.04,0.05,0,1337.57,0.3,-1.203972804,785
OLo11,0.1,0.23,1.35,0.06,0,0.08,0.03,0.05,0,1337.57,30,3.401197382,720
OLo11,0.1,0.23,1.35,0.06,0,0.08,0.03,0.05,0,1337.57,3,1.098612289,770
OLo11,0.1,0.23,1.35,0.06,0,0.08,0.03,0.05,0,1337.57,0.3,-1.203972804,785
OLo18,0.16,0.5,1.47,0.03,0.32,0,0.03,0.34,0,1337.57,3,1.098612289,735
OLo18,0.16,0.5,1.47,0.03,0.32,0,0.03,0.34,0,1337.57,0.3,-1.203972804,750
OLo23,0.65,0.35,1.18,0.04,0,0,0,0.12,0,1337.57,3,1.098612289,650
OLo23,0.65,0.35,1.18,0.04,0,0,0,0.12,0,1337.57,0.3,-1.203972804,670
OLo24,0.46,0.29,0.86,0.04,0,0.03,0.03,0.04,0,1337.57,3,1.098612289,685
OLo24,0.46,0.29,0.86,0.04,0,0.03,0.03,0.04,0,1337.57,0.3,-1.203972804,710
OSuk1,0.05,0.38,0.86,0.61,0.49,3.96,0,1.71,0,1130.1,0.183,-1.698269126,760
OSuk1,0.05,0.38,0.86,0.61,0.49,3.96,0,1.71,0,1130.1,0.13,-2.040220829,777
OSuk1,0.05,0.38,0.86,0.61,0.49,3.96,0,1.71,0,1130.1,0.047,-3.057607677,788
OMis1,0.06,0.28,1.79,0,0.08,0,0,0,0,1139.53,12.5,2.525728644,718
OMis1,0.06,0.28,1.79,0,0.08,0,0,0,0,1139.53,4,1.386294361,754
OMis1,0.06,0.28,1.79,0,0.08,0,0,0,0,1139.53,1.6,0.470003629,774
OMan1,0.2,2.25,1.89,0,0,0,0,0,0,1077.99,1,0,760
OMan1,0.2,2.25,1.89,0,0,0,0,0,0,1077.99,0.3,-1.203972804,790
OMan2,0.24,0,1.44,0,0,0,2.11,0,0,1077.99,30,3.401197382,810
OMan2,0.24,0,1.44,0,0,0,2.11,0,0,1077.99,10,2.302585093,825
OMan2,0.24,0,1.44,0,0,0,2.11,0,0,1077.99,3,1.098612289,845
OMan2,0.24,0,1.44,0,0,0,2.11,0,0,1077.99,1,0,855
OMan2,0.24,0,1.44,0,0,0,2.11,0,0,1077.99,0.3,-1.203972804,865
OGar1,0.2,2.24,1.84,0,0,0,0,0,0,1222.63,6.5,1.871802177,743
OGar1,0.2,2.24,1.84,0,0,0,0,0,0,1222.63,3.33,1.202972304,782
OGar1,0.2,2.24,1.84,0,0,0,0,0,0,1222.63,1,0,811
OGar1,0.2,2.23,1.83,0,0,0,0,0,0,1222.63,0.136,-1.995100393,815
OGar2,0.2,2.28,2.53,0,0,0,0,0,0,1222.63,3.33,1.202972304,741
OGar2,0.2,2.28,2.53,0,0,0,0,0,0,1222.63,2,0.693147181,777
OGar2,0.2,2.28,2.52,0,0,0,0,0,0,1222.63,0.98,-0.020202707,790
OGar2,0.2,2.28,2.52,0,0,0,0,0,0,1222.63,0.27,-1.30933332,795
OGir1,0.09,0,2.03,0.62,0,0,0,0,0,1159.36,5,1.609437912,700
OGir1,0.09,0,2.03,0.62,0,0,0,0,0,1159.36,1,0,710
OGir2,0.09,0,1.93,0.63,0,0,0.3,0,0,1195.24,5,1.609437912,705
OGir2,0.09,0,1.92,0.63,0,0,0.3,0,0,1195.24,1,0,740
OOva2,0.15,0.3,1.4,2.29,0.49,0.55,0,0,0,1222.63,0.139,-1.973281346,690
OOva2,0.15,0.3,1.4,2.29,0.49,0.55,0,0,0,1222.63,0.029,-3.540459449,723
OOva5,0.4,2.22,1.97,1.83,0.31,0.26,0,0,0,1130.1,0.018,-4.017383521,710
OOva6,0.68,2,1.91,1.34,0.59,0.2,0,0,0,1153.28,0.083,-2.488914671,675
OEwk1,0.54,0.33,0.6,0,0,0,0,0,0,1074.3,15.289,2.727133616,668
OEwk1,0.54,0.33,0.6,0,0,0,0,0,0,1074.3,1.643,0.496523839,703
OEwk1,0.54,0.33,0.6,0,0,0,0,0,0,1074.3,0.135,-2.002480501,714
OEwk2,0.65,1.54,1.4,0.87,0,0,0,0,0,1092.92,1.996,0.691145178,644
OEwk2,0.65,1.54,1.4,0.87,0,0,0,0,0,1092.92,1.21,0.19062036,656
OEwk2,0.65,1.54,1.4,0.87,0,0,0,0,0,1092.92,0.475,-0.744440475,677
OEwk4,0.33,0.49,0.33,1.36,0.29,0,0.72,0,0,1130.1,2.892,1.061948304,730
OEwk4,0.33,0.49,0.33,1.36,0.29,0,0.72,0,0,1130.1,0.216,-1.532476871,771
OEwk4,0.33,0.49,0.33,1.36,0.29,0,0.74,0,0,1130.1,0.019,-3.9633163,786
OEwk5,0.41,0.51,0.36,1.95,0.41,0,0.7,0,0,1130.1,0.11,-2.207274913,760
OEwk5,0.41,0.51,0.36,1.95,0.41,0,0.71,0,0,1130.1,0.045,-3.101092789,776
OEwk5,0.41,0.51,0.36,1.95,0.41,0,0.73,0,0,1130.1,0.011,-4.509860006,795
OEwk6,0.35,0.47,0,1.95,0.27,1.07,0.76,0,0,1120.81,0.537,-0.621757184,714
OEwk6,0.35,0.47,0,1.95,0.27,1.07,0.76,0,0,1120.81,0.164,-1.807888851,739
OEwk6,0.35,0.47,0,1.95,0.27,1.07,0.77,0,0,1120.81,0.054,-2.918771232,752
OEwk6,0.35,0.47,0,1.95,0.27,1.07,0.78,0,0,1120.81,0.026,-3.649658741,758
OGra1,0.24,1.01,1.93,0,0,0,0.09,0,0,1293.3,4,1.386294361,695
OGra1,0.24,1.01,1.93,0,0,0,0.09,0,0,1293.3,2,0.693147181,715
OGra1,0.24,1.01,1.93,0,0,0,0.1,0,0,1293.3,1,0,730
OGra2,0.43,1.27,1.89,0,0,0,0.74,0,0,1293.3,10,2.302585093,705
OGra2,0.43,1.27,1.89,0,0,0,0.74,0,0,1293.3,4,1.386294361,715
OGra2,0.43,1.27,1.89,0,0,0,0.74,0,0,1293.3,1,0,725
OGra3,0.17,0.21,5.02,0,0.2,0,1.47,0,0,1222.63,0.03,-3.506557897,790
OGra3,0.17,0.21,5.03,0,0.2,0,1.47,0,0,1222.63,0.01,-4.605170186,815
OLis1,0.04,0.36,4.02,0,0,0.19,0,0,0,1115.92,0.008,-4.828313737,780
OSu51,0.03,0.18,1.19,0.99,0.09,0.15,0,0.22,0,1083.61,3,1.098612289,735
OSu51,0.03,0.18,1.19,0.99,0.09,0.15,0,0.22,0,1083.61,0.7,-0.356674944,767
OSu70,0.02,0.19,1.87,0.85,0.22,0,0,0,0,1083.61,6,1.791759469,716
OSu70,0.02,0.19,1.87,0.85,0.22,0,0,0,0,1083.61,3,1.098612289,737
OSu70,0.02,0.19,1.87,0.85,0.22,0,0,0,0,1083.61,0.4,-0.916290732,758
OSu71,0.03,0.18,1.77,0.82,0.21,0,0,0,0,1083.61,0.7,-0.356674944,736
OSu71,0.03,0.18,1.77,0.82,0.21,0,0,0,0,1083.61,0.4,-0.916290732,738
OSu73,0.03,0.19,1.77,0.82,0.21,0,0,0.69,0,1083.61,0.4,-0.916290732,721
OSu76,0.03,0.21,1.69,0.82,0.46,0,0,0,0,1083.61,0.7,-0.356674944,751
OSu76,0.03,0.21,1.69,0.82,0.46,0,0,0,0,1083.61,0.4,-0.916290732,751
OSu78,0.05,0.19,1.67,0.81,0.2,0,0,0,0,1083.61,0.7,-0.356674944,756
OSu78,0.05,0.19,1.67,0.81,0.2,0,0,0,0,1083.61,0.4,-0.916290732,760
OSu80,0.03,0.18,1.44,0.03,0,0,0,0.2,0,1083.61,1.5,0.405465108,759
OSu80,0.03,0.18,1.44,0.03,0,0,0,0.2,0,1083.61,0.4,-0.916290732,781
OKob1,0.2,1.7,1.91,0,0,0,0.01,0,0,1083.61,20,2.995732274,700
OKob1,0.2,1.7,1.91,0,0,0,0.01,0,0,1083.61,5,1.609437912,745
OKob1,0.2,1.7,1.9,0,0,0,0.01,0,0,1083.61,1,0,760
OKob1,0.2,1.7,1.9,0,0,0,0,0,0,1083.61,0.3,-1.203972804,775
OKaw1,0.32,0.39,0.72,1.24,0,0,0,0,0,1050.52,1.5,0.405465108,681
OKaw1,0.32,0.39,0.72,1.24,0,0,0,0,0,1050.52,0.4,-0.916290732,715
OKaw1,0.32,0.39,0.72,1.24,0,0,0,0,0,1050.52,0.16,-1.832581464,726
OShi1,0.03,0.13,0.86,0.32,0.24,0.36,0,1.06,0,1268.68,1,0,725
OShi1,0.03,0.13,0.86,0.32,0.24,0.36,0,1.06,0,1268.68,0.5,-0.693147181,750
OShi1,0.03,0.13,0.84,0.32,0.25,0.36,0,1.06,0,1268.68,0.05,-2.995732274,770
OShi2,0.02,0.11,0.79,0.31,0.24,0.35,0,1.47,0,1268.68,1,0,700
OShi2,0.02,0.11,0.78,0.31,0.24,0.35,0,1.47,0,1268.68,0.5,-0.693147181,735
OShi2,0.02,0.11,0.77,0.31,0.24,0.35,0,1.47,0,1268.68,0.05,-2.995732274,760
OShi3,0.02,0.12,0.84,0.3,0.23,0.34,0,2.03,0,1268.68,1,0,695
OShi3,0.02,0.12,0.83,0.3,0.23,0.34,0,2.03,0,1268.68,0.5,-0.693147181,700
OShi3,0.02,0.12,0.82,0.3,0.24,0.34,0,2.03,0,1268.68,0.05,-2.995732274,735
OPok1,0.3,1.25,2.41,1.16,0,0,0,0,0,1298.83,0.2,-1.609437912,698
OPok2,0.29,0.58,2.3,1.16,0,0,0.35,0,0,1298.83,0.2,-1.609437912,680
XO666,0.13,0.3,0.62,1.36,0.11,0.2,0.03,0.23,9.7,1381.65,2,0.693147181,720
XO666,0.13,0.3,0.61,1.36,0.11,0.2,0.03,0.23,7.9,1381.65,1,0,755
XO666,0.13,0.3,0.61,1.36,0.11,0.2,0.03,0.23,6,1381.65,0.5,-0.693147181,765
XO666,0.13,0.3,0.61,1.36,0.11,0.2,0.03,0.23,3.8,1381.65,0.2,-1.609437912,780
XO656,0.11,0.29,0.82,1.23,0.09,0.22,0.04,0.15,7.4,1381.65,2,0.693147181,735
XO656,0.11,0.29,0.82,1.23,0.09,0.22,0.04,0.15,6.1,1381.65,1,0,765
XO656,0.11,0.29,0.82,1.23,0.09,0.22,0.04,0.15,5,1381.65,0.5,-0.693147181,785
XO656,0.11,0.29,0.82,1.23,0.09,0.22,0.04,0.15,3.4,1381.65,0.2,-1.609437912,795
XO751,0.05,0.22,0.55,1.23,0.09,0.23,0.03,0.01,31.6,1381.65,2,0.693147181,745
XO751,0.05,0.22,0.55,1.23,0.09,0.23,0.03,0.01,29.7,1381.65,1,0,755
XO751,0.05,0.22,0.55,1.23,0.09,0.23,0.03,0.01,26.7,1381.65,0.5,-0.693147181,785
XO751,0.05,0.22,0.55,1.23,0.09,0.23,0.03,0.01,19.5,1381.65,0.2,-1.609437912,810
XO752,0.05,0.22,0.42,1.23,0.09,0.23,0.03,0.01,23.6,1114.33,2,0.693147181,745
XO752,0.05,0.22,0.42,1.23,0.09,0.23,0.03,0.01,23.7,1114.33,1,0,790
XO752,0.05,0.22,0.42,1.23,0.09,0.23,0.03,0.01,23.5,1114.33,0.5,-0.693147181,790
XO771,0.08,0.24,0.71,1.17,0.02,0.24,0.03,0.17,19.7,1381.65,2,0.693147181,750
XO771,0.08,0.24,0.71,1.17,0.02,0.24,0.03,0.17,15.3,1381.65,1,0,740
XO771,0.08,0.24,0.71,1.17,0.02,0.24,0.03,0.17,12.5,1381.65,0.5,-0.693147181,785
XO772,0.08,0.24,0.63,1.17,0.02,0.24,0.03,0.17,7.9,1114.33,30,3.401197382,740
XO772,0.08,0.24,0.63,1.17,0.02,0.24,0.03,0.17,8.2,1114.33,10,2.302585093,770
XO772,0.08,0.24,0.63,1.17,0.02,0.24,0.03,0.17,8.3,1114.33,5,1.609437912,785
XO772,0.08,0.24,0.63,1.17,0.02,0.24,0.03,0.17,8.4,1114.33,2,0.693147181,795
XO772,0.08,0.24,0.63,1.17,0.02,0.24,0.03,0.17,8.4,1114.33,1,0,805
XO772,0.08,0.24,0.63,1.17,0.02,0.24,0.03,0.17,8.3,1114.33,0.5,-0.693147181,810
XO781,0.08,0.27,0.66,1.21,0.09,0.21,0.03,0.15,5.1,1381.65,1,0,750
XO781,0.08,0.27,0.65,1.21,0.09,0.21,0.03,0.15,4.7,1381.65,0.5,-0.693147181,790
XO782,0.08,0.27,0.56,1.21,0.09,0.21,0.03,0.15,4,1114.33,10,2.302585093,765
XO782,0.08,0.27,0.56,1.21,0.09,0.21,0.03,0.15,4.3,1114.33,5,1.609437912,785
XO782,0.08,0.27,0.56,1.21,0.09,0.21,0.03,0.15,4.5,1114.33,2,0.693147181,800
XO782,0.08,0.27,0.56,1.21,0.09,0.21,0.03,0.15,4.5,1114.33,0.5,-0.693147181,810
XO783,0.08,0.23,0.72,1.45,0.02,0.24,0.03,0.18,15.6,1381.65,10,2.302585093,720
XO783,0.08,0.23,0.72,1.45,0.02,0.24,0.03,0.18,15.3,1381.65,5,1.609437912,735
XO783,0.08,0.23,0.72,1.45,0.02,0.24,0.03,0.18,14.3,1381.65,2,0.693147181,780
XO783,0.08,0.23,0.72,1.45,0.02,0.24,0.03,0.18,12.6,1381.65,1,0,795
XO783,0.08,0.23,0.72,1.45,0.02,0.24,0.03,0.18,10.5,1381.65,0.5,-0.693147181,805
XO784,0.08,0.23,0.64,1.45,0.02,0.24,0.03,0.18,8.8,1114.33,10,2.302585093,765
XO784,0.08,0.23,0.64,1.45,0.02,0.24,0.03,0.18,8.7,1114.33,5,1.609437912,760
XO784,0.08,0.23,0.64,1.45,0.02,0.24,0.03,0.18,8.8,1114.33,2,0.693147181,775
XO784,0.08,0.23,0.64,1.45,0.02,0.24,0.03,0.18,9,1114.33,1,0,800
XO784,0.08,0.23,0.64,1.45,0.02,0.24,0.03,0.18,8.9,1114.33,0.5,-0.693147181,805
XCB10,0.1,0.3,0.69,0,0,0,0,0,11.4,1148.34,3.047,1.1141575,765
XCB10,0.1,0.3,0.69,0,0,0,0,0,14.2,1148.34,0.153,-1.877317358,805
XCB10,0.1,0.3,0.69,0,0,0,0,0,16.2,1148.34,0.008,-4.828313737,830
XCB11,0.1,0.33,0.73,0,0.21,0,0,0,12,1190.33,0.157,-1.851509474,780
XCB11,0.1,0.33,0.73,0,0.21,0,0,0,15.2,1190.33,0.033,-3.411247718,820
XCB11,0.1,0.33,0.73,0,0.21,0,0,0,16.6,1190.33,0.008,-4.828313737,835
XCB12,0.09,0.33,0.73,0,0.42,0,0,0,13,1190.33,0.034,-3.381394754,795
XCB12,0.09,0.33,0.73,0,0.42,0,0,0,15.7,1190.33,0.009,-4.710530702,825
XCB13,0.09,0.28,1.46,0,0,0,0,0,11.2,1115.6,1.015,0.014888612,725
XCB13,0.09,0.28,1.46,0,0,0,0,0,10.8,1115.6,0.146,-1.924148657,750
XCB13,0.09,0.28,1.46,0,0,0,0,0,12.4,1115.6,0.008,-4.828313737,775
XCB14,0.1,0.31,1.52,0,0.21,0,0,0,9.9,1124.96,0.032,-3.442019376,745
XCB14,0.1,0.31,1.52,0,0.21,0,0,0,11.9,1124.96,0.009,-4.710530702,775
XCB15,0.1,0.27,0.77,0,0,0.36,0,0,11.2,1134.32,3.247,1.177731493,755
XCB15,0.1,0.27,0.77,0,0,0.36,0,0,12.6,1134.32,0.144,-1.937941979,780
XCB15,0.1,0.27,0.77,0,0,0.36,0,0,13.1,1134.32,0.008,-4.828313737,790
XCB16,0.11,0.3,0.82,0,0.22,0.37,0,0,10,1153.01,0.142,-1.951928221,745
XCB16,0.11,0.3,0.82,0,0.22,0.37,0,0,10.7,1153.01,0.031,-3.473768074,765
XCB16,0.11,0.3,0.82,0,0.22,0.37,0,0,11.5,1153.01,0.008,-4.828313737,775
XCB17,0.11,0.29,0.78,0,0.46,0.38,0,0,9.9,1162.35,0.035,-3.352407217,755
XCB17,0.11,0.29,0.78,0,0.46,0.38,0,0,12.3,1162.35,0.009,-4.710530702,785
XCB18,0.1,0.31,0.77,0,0,1.62,0,0,12.6,1082.81,0.907,-0.097612829,725
XCB18,0.1,0.31,0.77,0,0,1.62,0,0,12.2,1082.81,0.132,-2.024953356,740
XCB18,0.1,0.31,0.77,0,0,1.62,0,0,12.3,1082.81,0.007,-4.96184513,755
XCB19,0.1,0.32,0.79,0,0.24,1.58,0,0,11.7,1110.92,0.008,-4.828313737,710
XCB21,0.11,0.33,0.88,0,0,3.5,0,0,16,1096.87,1.021,0.020782539,630
XCB21,0.11,0.33,0.88,0,0,3.5,0,0,15.4,1096.87,0.142,-1.951928221,655
XCB21,0.11,0.33,0.88,0,0,3.5,0,0,15,1096.87,0.008,-4.828313737,680
XCB24,0.11,0.37,0.97,0.81,0,1.61,0,0,14.9,1124.96,1.043,0.042101176,680
XCB24,0.11,0.37,0.97,0.81,0,1.61,0,0,14.3,1124.96,0.154,-1.870802677,705
XCB24,0.11,0.37,0.97,0.81,0,1.61,0,0,13.9,1124.96,0.008,-4.828313737,725
XCB25,0.11,0.36,0.95,0.79,0.2,1.59,0,0,13.8,1124.96,0.008,-4.828313737,715
XCB26,0.11,0.36,0.92,0.79,0.48,1.55,0,0,28,1134.32,0.009,-4.710530702,675
XCB27,0.1,0.3,0.72,0.3,0,0,0,0,11.8,1124.96,3.389,1.220534893,765
XCB27,0.1,0.3,0.72,0.3,0,0,0,0,13.5,1124.96,0.14,-1.966112856,790
XCB27,0.1,0.3,0.72,0.3,0,0,0,0,14.1,1124.96,0.009,-4.710530702,800
XCB28,0.11,0.33,0.75,0.29,0.22,0,0,0,10.7,1124.96,0.152,-1.883874758,760
XCB28,0.11,0.33,0.75,0.29,0.22,0,0,0,11.5,1124.96,0.035,-3.352407217,775
XCB28,0.11,0.33,0.75,0.29,0.22,0,0,0,12.3,1124.96,0.009,-4.710530702,785
XCB29,0.11,0.32,0.73,0.29,0.41,0,0,0,13.7,1143.67,0.036,-3.324236341,800
XCB29,0.11,0.32,0.73,0.29,0.41,0,0,0,15.1,1143.67,0.009,-4.710530702,815
XCB30,0.1,0.27,0.74,0.77,0,0,0,0,14.3,1143.67,1,0,775
XCB30,0.1,0.27,0.74,0.77,0,0,0,0,15.7,1143.67,0.145,-1.931021537,795
XCB30,0.1,0.27,0.74,0.77,0,0,0,0,16.9,1143.67,0.008,-4.828313737,810
XCB31,0.11,0.31,0.77,0.77,0.2,0,0,0,15,1153.01,0.032,-3.442019376,795
XCB31,0.11,0.31,0.77,0.77,0.2,0,0,0,17,1153.01,0.009,-4.710530702,815
XCB32,0.1,0.29,0.73,0.71,0.42,0,0,0,12.3,1157.68,0.037,-3.296837366,765
XCB32,0.1,0.29,0.73,0.71,0.42,0,0,0,14.6,1157.68,0.008,-4.828313737,790
XCB33,0.1,0.27,0.74,1.43,0,0,0,0,6,1106.24,0.92,-0.083381609,740
XCB33,0.1,0.27,0.74,1.43,0,0,0,0,6.6,1106.24,0.147,-1.917322692,755
XCB33,0.1,0.27,0.74,1.43,0,0,0,0,5.8,1106.24,0.008,-4.828313737,775
XCB34,0.11,0.31,0.79,1.48,0.21,0,0,0,7.7,1124.96,0.152,-1.883874758,750
XCB34,0.11,0.31,0.79,1.48,0.21,0,0,0,7.2,1124.96,0.033,-3.411247718,770
XCB34,0.11,0.31,0.79,1.48,0.21,0,0,0,5.8,1124.96,0.01,-4.605170186,775
XCB36,0.11,0.33,1.51,0,0.44,0,0,0,6.2,1162.35,0.009,-4.710530702,760
XCB37,0.19,0.39,0.73,1.13,0.56,0.04,0.04,0,15.3,1134.32,0.063,-2.764620553,815
XCB37,0.19,0.39,0.73,1.13,0.56,0.04,0.04,0,14.8,1134.32,0.312,-1.164752091,805
XCB37,0.19,0.39,0.73,1.13,0.56,0.04,0.04,0,13.5,1134.32,0.79,-0.235722334,790
XCB41,0.4,0.47,1.77,0,0,0,0,0,4.9,1091.82,1.102,0.097126711,665
XCB41,0.4,0.47,1.77,0,0,0,0,0,4.7,1091.82,0.157,-1.851509474,690
XCB41,0.4,0.47,1.77,0,0,0,0,0,4.5,1091.82,0.009,-4.710530702,715
XCB42,0.4,0.5,1.78,0,0.14,0,0,0,4.5,1091.82,0.15,-1.897119985,680
XCB42,0.4,0.5,1.78,0,0.14,0,0,0,4.3,1091.82,0.034,-3.381394754,695
XCB42,0.4,0.5,1.78,0,0.14,0,0,0,4.3,1091.82,0.009,-4.710530702,705
XCB43,0.4,0.52,1.79,0,0.32,0,0,0,4.5,1091.82,0.153,-1.877317358,660
XCB43,0.4,0.51,1.79,0,0.32,0,0,0,4.2,1091.82,0.035,-3.352407217,695
XCB43,0.4,0.51,1.79,0,0.32,0,0,0,4.2,1091.82,0.008,-4.828313737,710
XLo06,0.16,0.32,1.03,0.63,0.25,0.13,0.04,0.07,3.4,1337.57,0.5,-0.693147181,710
XLo06,0.16,0.32,1.03,0.63,0.25,0.13,0.04,0.07,2.7,1337.57,0.3,-1.203972804,720
XLo17,0.09,0.35,1.76,0.02,0.21,0,0.05,0.01,4,1337.57,3,1.098612289,735
XLo17,0.09,0.35,1.76,0.02,0.21,0,0.05,0.01,0.9,1337.57,0.5,-0.693147181,755
XLo30,0.16,0.7,0.97,0.85,0.4,0,0.05,0,3.1,1337.57,0.5,-0.693147181,770
XLo33,0.17,0.72,1,0.84,0.39,0,0.04,0,9.7,1337.57,0.5,-0.693147181,775
XLo35,0.17,0.72,0.97,0.86,0.4,0,0.04,0,18.1,1337.57,0.5,-0.693147181,775
XGb34,0.18,0.32,0.88,0.63,0.57,0.98,0,0.33,16.8,1114.33,0.077,-2.563949857,742
XGb34,0.18,0.32,0.88,0.63,0.57,0.98,0,0.33,14.5,1114.33,0.026,-3.649658741,755
XGb34,0.18,0.32,0.88,0.63,0.57,0.98,0,0.33,7.8,1114.33,0.007,-4.96184513,765
XRav1,0.28,0.28,1.08,0.21,0.06,0.13,0,0.32,17.5,1092.28,1,0,710
XRav1,0.28,0.28,1.08,0.21,0.06,0.13,0,0.32,17.4,1092.28,0.16,-1.832581464,735
XRav1,0.28,0.28,1.08,0.21,0.06,0.13,0,0.32,6.4,1092.28,0.004,-5.521460918,750
XGho2,0.04,0.47,1.81,0,0,0,0,0,8,1233.67,10,2.302585093,755
XGho2,0.04,0.47,1.81,0,0,0,0,0,8,1233.67,5,1.609437912,774
XGho2,0.04,0.47,1.81,0,0,0,0,0,8,1233.67,1,0,798
XGho2,0.04,0.47,1.81,0,0,0,0,0,8,1233.67,0.5,-0.693147181,805
XGho2,0.04,0.47,1.81,0,0,0,0,0,8,1233.67,0.1,-2.302585093,806
XGho3,0.04,0.46,1.68,0,0,0,0,0,9,1233.67,0.5,-0.693147181,784
XGho3,0.04,0.46,1.68,0,0,0,0,0,9,1233.67,0.1,-2.302585093,818
XHanB,0.1,0.3,1.64,0,0,0,0.03,0,23,1114.33,10,2.302585093,690
XHanB,0.1,0.3,1.64,0,0,0,0.03,0,23,1114.33,3,1.098612289,730
XHanB,0.1,0.3,1.64,0,0,0,0.03,0,23,1114.33,1,0,760
XHanB,0.1,0.3,1.64,0,0,0,0.03,0,23,1114.33,0.5,-0.693147181,750
XHanB,0.1,0.3,1.64,0,0,0,0.03,0,23,1114.33,0.2,-1.609437912,786
XHaCr,0.1,0.32,1.61,0.5,0,0,0.03,0,22,1114.33,3,1.098612289,700
XHaCr,0.1,0.32,1.61,0.5,0,0,0.03,0,22,1114.33,1,0,725
XHaCr,0.1,0.32,1.61,0.5,0,0,0.03,0,22,1114.33,0.5,-0.693147181,745
XHaCr,0.1,0.32,1.61,0.5,0,0,0.03,0,22,1114.33,0.2,-1.609437912,760
XHaMo,0.1,0.28,1.53,0,0.17,0,0.03,0,17.9,1114.33,0.2,-1.609437912,755
XOpi1,0.28,0.38,1.77,0.3,0.33,0.12,0.03,0.26,18.2,1116.17,2,0.693147181,655
XOpi1,0.28,0.38,1.77,0.3,0.33,0.12,0.03,0.26,18.1,1116.17,0.5,-0.693147181,700
XOpi1,0.28,0.38,1.77,0.3,0.33,0.12,0.03,0.26,17.5,1116.17,0.1,-2.302585093,730
XOpi1,0.28,0.38,1.77,0.3,0.33,0.12,0.03,0.26,15,1116.17,0.017,-4.074541935,755
XTer1,0.07,0.22,1.32,0.4,0.02,0,0.03,0.06,5.6,1128.87,28,3.33220451,710
XTer1,0.07,0.22,1.32,0.4,0.02,0,0.03,0.06,5.5,1128.87,8,2.079441542,750
XTer1,0.07,0.22,1.32,0.4,0.02,0,0.03,0.06,5.7,1128.87,3,1.098612289,775
XTer1,0.07,0.22,1.32,0.4,0.02,0,0.03,0.06,5.6,1128.87,1,0,790
XTer1,0.07,0.22,1.32,0.4,0.02,0,0.03,0.06,5.4,1128.87,0.3,-1.203972804,805
XTer2,0.07,0.23,1.34,0.4,0.02,0,0.03,0.06,13.4,1128.87,8,2.079441542,695
XTer2,0.07,0.23,1.34,0.4,0.02,0,0.03,0.06,13.2,1128.87,3,1.098612289,730
XTer2,0.07,0.23,1.34,0.4,0.02,0,0.03,0.06,12.8,1128.87,1,0,760
XTer2,0.07,0.23,1.34,0.4,0.02,0,0.03,0.06,12,1128.87,0.3,-1.203972804,780
XTer3,0.07,0.23,1.34,0.4,0.02,0,0.03,0.06,30.8,1128.87,8,2.079441542,695
XTer3,0.07,0.23,1.34,0.4,0.02,0,0.03,0.06,30.7,1128.87,3,1.098612289,730
XTer3,0.07,0.23,1.34,0.4,0.02,0,0.03,0.06,30.4,1128.87,1,0,765
XTer3,0.07,0.23,1.34,0.4,0.02,0,0.03,0.06,29.9,1128.87,0.3,-1.203972804,790
XTer4,0.07,0.23,1.34,0.4,0.02,0,0.03,0.06,25.1,1128.87,8,2.079441542,745
XTer4,0.07,0.23,1.34,0.4,0.02,0,0.03,0.06,25.1,1128.87,3,1.098612289,780
XTer4,0.07,0.23,1.34,0.4,0.02,0,0.03,0.06,24.9,1128.87,1,0,795
XTer4,0.07,0.23,1.34,0.4,0.02,0,0.03,0.06,24.2,1128.87,0.3,-1.203972804,800
XTer5,0.07,0.23,1.34,0.4,0.02,0,0.03,0.06,12.8,1128.87,8,2.079441542,735
XTer5,0.07,0.23,1.34,0.4,0.02,0,0.03,0.06,12.8,1128.87,3,1.098612289,770
XTer5,0.07,0.23,1.34,0.4,0.02,0,0.03,0.06,12.6,1128.87,1,0,795
XTer5,0.07,0.23,1.34,0.4,0.02,0,0.03,0.06,11.9,1128.87,0.3,-1.203972804,805
XBia1,0.22,0.55,1.54,0.86,0,0.04,0.04,0,11,1431.16,1,0,680
XBia1,0.22,0.55,1.54,0.86,0,0.04,0.04,0,11,1431.16,0.5,-0.693147181,720
XBia1,0.22,0.54,1.52,0.85,0,0.04,0.04,0,11,1431.16,0.1,-2.302585093,755
XBia2,0.22,0.58,1.58,0.88,0,0.04,0.03,0,11,1146.32,1,0,770
XBia2,0.22,0.58,1.58,0.88,0,0.04,0.03,0,11,1146.32,0.5,-0.693147181,785
XBia2,0.22,0.58,1.57,0.88,0,0.04,0.03,0,10.3,1146.32,0.1,-2.302585093,800
XBra1,0.18,0.38,2.15,0.47,0.02,0.06,0,0,7,994.11,25,3.218875825,685
XBra1,0.18,0.38,2.15,0.47,0.02,0.06,0,0,7,994.11,10,2.302585093,715
XBra1,0.18,0.38,2.15,0.47,0.02,0.06,0,0,7,994.11,5,1.609437912,720
XBra1,0.18,0.38,2.15,0.47,0.02,0.06,0,0,7,994.11,1,0,730
XBra1,0.18,0.38,2.15,0.47,0.02,0.06,0,0,4.3,994.11,0.5,-0.693147181,740
XBra1,0.18,0.38,2.15,0.47,0.02,0.06,0,0,3.5,994.11,0.1,-2.302585093,755
XYan1,0.18,0.21,0.22,0,0,0,0.04,0,7.9,1321.26,20,2.995732274,700
XYan1,0.18,0.21,0.22,0,0,0,0.04,0,7.9,1321.26,15,2.708050201,730
XYan1,0.18,0.21,0.22,0,0,0,0.04,0,7,1321.26,1,0,785
XYan2,0.18,0.23,0.24,0,0,0,0.05,0,20,1321.26,15,2.708050201,680
XYan2,0.18,0.23,0.24,0,0,0,0.05,0,20,1321.26,10,2.302585093,705
XYan2,0.18,0.23,0.24,0,0,0,0.05,0,20,1321.26,5,1.609437912,745
XYan2,0.18,0.23,0.24,0,0,0,0.05,0,17.8,1321.26,2,0.693147181,775
XYan2,0.18,0.23,0.23,0,0,0,0.05,0,16.2,1321.26,1,0,780
XOB03,0.13,0.34,1.02,0.42,0.01,0.02,0.06,0.01,12.5,1286.59,12,2.48490665,695
XOB03,0.13,0.34,1.02,0.42,0.01,0.02,0.06,0.01,12.5,1286.59,6,1.791759469,715
XOB03,0.13,0.34,1.02,0.42,0.01,0.02,0.06,0.01,12.4,1286.59,3,1.098612289,725
XOB04,0.22,0.35,1.41,0.23,0,0.05,0.04,0,7.5,1286.59,7.5,2.014903021,690
XOB04,0.22,0.35,1.41,0.23,0,0.05,0.04,0,7.5,1286.59,5,1.609437912,700
XOB04,0.22,0.35,1.41,0.23,0,0.05,0.04,0,7.5,1286.59,2.5,0.916290732,725
XOB04,0.22,0.35,1.41,0.23,0,0.05,0.04,0,7.5,1286.59,1,0,750
XOD05,0.17,0.58,1.67,0.04,0.01,0.04,0.03,0.01,6.6,1286.59,12,2.48490665,670
XOD05,0.17,0.58,1.67,0.04,0.01,0.04,0.03,0.01,6.7,1286.59,6,1.791759469,700
XOD05,0.17,0.58,1.67,0.04,0.01,0.04,0.03,0.01,6.8,1286.59,3,1.098612289,720
XOD05,0.17,0.58,1.67,0.04,0.01,0.04,0.03,0.01,6.8,1286.59,1.5,0.405465108,725
XOD06,0.14,0.32,1.31,0.27,0.16,0.06,0.04,0.01,6.2,1286.59,3,1.098612289,690
XOD06,0.14,0.32,1.31,0.27,0.16,0.06,0.04,0.01,6,1286.59,1.5,0.405465108,710
XOD07,0.17,0.28,1.48,0.09,0.06,0.06,0.06,0.03,4.8,1286.59,6,1.791759469,697
XOD07,0.17,0.28,1.48,0.09,0.06,0.06,0.06,0.03,4.8,1286.59,3,1.098612289,715
XOD07,0.17,0.28,1.48,0.09,0.06,0.06,0.06,0.03,4.7,1286.59,1.5,0.405465108,720
XOM02,0.1,0.3,0.69,0.24,0.4,1.09,0.05,0.01,20.3,1286.59,1.5,0.405465108,695
XOM03,0.1,0.34,1.68,1.04,0.01,1.12,0.05,0.01,28.2,1286.59,1.5,0.405465108,660
XOM05,0.2,0.36,0.8,1.12,0.01,0.02,0.05,0.01,28,1286.59,12,2.48490665,725
XOM05,0.2,0.36,0.8,1.12,0.01,0.02,0.05,0.01,28,1286.59,6,1.791759469,755
XOM05,0.2,0.36,0.8,1.12,0.01,0.02,0.05,0.01,28,1286.59,3,1.098612289,775
XOM05,0.2,0.36,0.8,1.12,0.01,0.02,0.05,0.01,28,1286.59,1.5,0.405465108,790
XOM07,0.2,0.4,1.78,0.27,0.01,1.15,0.05,0.01,28,1286.59,1.5,0.405465108,650
XOM08,0.2,0.41,1.82,0.27,0.62,0.03,0.05,0.02,13.5,1286.59,1.5,0.405465108,685
